Date(UTC),UnixTimeStamp,No. of ERC20 Token Transfers
,,
30-07-2015,1438214400,0
,,
31-07-2015,1438300800,0
,,
01-08-2015,1438387200,0
,,
02-08-2015,1438473600,0
,,
03-08-2015,1438560000,0
,,
04-08-2015,1438646400,0
,,
05-08-2015,1438732800,0
,,
06-08-2015,1438819200,0
,,
07-08-2015,1438905600,0
,,
08-08-2015,1438992000,0
,,
09-08-2015,1439078400,0
,,
10-08-2015,1439164800,0
,,
11-08-2015,1439251200,0
,,
12-08-2015,1439337600,0
,,
13-08-2015,1439424000,0
,,
14-08-2015,1439510400,0
,,
15-08-2015,1439596800,0
,,
16-08-2015,1439683200,0
,,
17-08-2015,1439769600,0
,,
18-08-2015,1439856000,0
,,
19-08-2015,1439942400,0
,,
20-08-2015,1440028800,0
,,
21-08-2015,1440115200,0
,,
22-08-2015,1440201600,0
,,
23-08-2015,1440288000,0
,,
24-08-2015,1440374400,0
,,
25-08-2015,1440460800,0
,,
26-08-2015,1440547200,0
,,
27-08-2015,1440633600,0
,,
28-08-2015,1440720000,0
,,
29-08-2015,1440806400,0
,,
30-08-2015,1440892800,0
,,
31-08-2015,1440979200,0
,,
01-09-2015,1441065600,0
,,
02-09-2015,1441152000,0
,,
03-09-2015,1441238400,0
,,
04-09-2015,1441324800,0
,,
05-09-2015,1441411200,0
,,
06-09-2015,1441497600,0
,,
07-09-2015,1441584000,0
,,
08-09-2015,1441670400,0
,,
09-09-2015,1441756800,0
,,
10-09-2015,1441843200,0
,,
11-09-2015,1441929600,0
,,
12-09-2015,1442016000,0
,,
13-09-2015,1442102400,0
,,
14-09-2015,1442188800,0
,,
15-09-2015,1442275200,0
,,
16-09-2015,1442361600,0
,,
17-09-2015,1442448000,0
,,
18-09-2015,1442534400,0
,,
19-09-2015,1442620800,0
,,
20-09-2015,1442707200,0
,,
21-09-2015,1442793600,0
,,
22-09-2015,1442880000,0
,,
23-09-2015,1442966400,0
,,
24-09-2015,1443052800,0
,,
25-09-2015,1443139200,0
,,
26-09-2015,1443225600,0
,,
27-09-2015,1443312000,0
,,
28-09-2015,1443398400,0
,,
29-09-2015,1443484800,0
,,
30-09-2015,1443571200,0
,,
01-10-2015,1443657600,0
,,
02-10-2015,1443744000,0
,,
03-10-2015,1443830400,0
,,
04-10-2015,1443916800,0
,,
05-10-2015,1444003200,0
,,
06-10-2015,1444089600,0
,,
07-10-2015,1444176000,0
,,
08-10-2015,1444262400,0
,,
09-10-2015,1444348800,0
,,
10-10-2015,1444435200,0
,,
11-10-2015,1444521600,0
,,
12-10-2015,1444608000,0
,,
13-10-2015,1444694400,0
,,
14-10-2015,1444780800,0
,,
15-10-2015,1444867200,0
,,
16-10-2015,1444953600,0
,,
17-10-2015,1445040000,0
,,
18-10-2015,1445126400,0
,,
19-10-2015,1445212800,0
,,
20-10-2015,1445299200,0
,,
21-10-2015,1445385600,0
,,
22-10-2015,1445472000,0
,,
23-10-2015,1445558400,0
,,
24-10-2015,1445644800,0
,,
25-10-2015,1445731200,0
,,
26-10-2015,1445817600,0
,,
27-10-2015,1445904000,0
,,
28-10-2015,1445990400,0
,,
29-10-2015,1446076800,0
,,
30-10-2015,1446163200,3
,,
31-10-2015,1446249600,0
,,
01-11-2015,1446336000,0
,,
02-11-2015,1446422400,1
,,
03-11-2015,1446508800,30
,,
04-11-2015,1446595200,18
,,
05-11-2015,1446681600,12
,,
06-11-2015,1446768000,0
,,
07-11-2015,1446854400,0
,,
08-11-2015,1446940800,18
,,
09-11-2015,1447027200,39
,,
10-11-2015,1447113600,39
,,
11-11-2015,1447200000,27
,,
12-11-2015,1447286400,5
,,
13-11-2015,1447372800,3
,,
14-11-2015,1447459200,1
,,
15-11-2015,1447545600,4
,,
16-11-2015,1447632000,2
,,
17-11-2015,1447718400,0
,,
18-11-2015,1447804800,1
,,
19-11-2015,1447891200,0
,,
20-11-2015,1447977600,2
,,
21-11-2015,1448064000,0
,,
22-11-2015,1448150400,0
,,
23-11-2015,1448236800,0
,,
24-11-2015,1448323200,0
,,
25-11-2015,1448409600,0
,,
26-11-2015,1448496000,2
,,
27-11-2015,1448582400,0
,,
28-11-2015,1448668800,3
,,
29-11-2015,1448755200,1
,,
30-11-2015,1448841600,0
,,
01-12-2015,1448928000,0
,,
02-12-2015,1449014400,1
,,
03-12-2015,1449100800,1
,,
04-12-2015,1449187200,16
,,
05-12-2015,1449273600,7
,,
06-12-2015,1449360000,4
,,
07-12-2015,1449446400,6
,,
08-12-2015,1449532800,5
,,
09-12-2015,1449619200,1
,,
10-12-2015,1449705600,9
,,
11-12-2015,1449792000,6
,,
12-12-2015,1449878400,3
,,
13-12-2015,1449964800,1
,,
14-12-2015,1450051200,4
,,
15-12-2015,1450137600,4
,,
16-12-2015,1450224000,0
,,
17-12-2015,1450310400,0
,,
18-12-2015,1450396800,0
,,
19-12-2015,1450483200,0
,,
20-12-2015,1450569600,0
,,
21-12-2015,1450656000,2
,,
22-12-2015,1450742400,0
,,
23-12-2015,1450828800,4
,,
24-12-2015,1450915200,0
,,
25-12-2015,1451001600,0
,,
26-12-2015,1451088000,3
,,
27-12-2015,1451174400,0
,,
28-12-2015,1451260800,1
,,
29-12-2015,1451347200,2
,,
30-12-2015,1451433600,2
,,
31-12-2015,1451520000,0
,,
01-01-2016,1451606400,0
,,
02-01-2016,1451692800,0
,,
03-01-2016,1451779200,0
,,
04-01-2016,1451865600,0
,,
05-01-2016,1451952000,0
,,
06-01-2016,1452038400,1
,,
07-01-2016,1452124800,5
,,
08-01-2016,1452211200,0
,,
09-01-2016,1452297600,7
,,
10-01-2016,1452384000,0
,,
11-01-2016,1452470400,0
,,
12-01-2016,1452556800,1
,,
13-01-2016,1452643200,1
,,
14-01-2016,1452729600,3
,,
15-01-2016,1452816000,8
,,
16-01-2016,1452902400,0
,,
17-01-2016,1452988800,2
,,
18-01-2016,1453075200,3
,,
19-01-2016,1453161600,1
,,
20-01-2016,1453248000,4
,,
21-01-2016,1453334400,3
,,
22-01-2016,1453420800,4
,,
23-01-2016,1453507200,4
,,
24-01-2016,1453593600,5
,,
25-01-2016,1453680000,2
,,
26-01-2016,1453766400,4
,,
27-01-2016,1453852800,1
,,
28-01-2016,1453939200,1049
,,
29-01-2016,1454025600,232
,,
30-01-2016,1454112000,13
,,
31-01-2016,1454198400,2
,,
01-02-2016,1454284800,13
,,
02-02-2016,1454371200,169
,,
03-02-2016,1454457600,24
,,
04-02-2016,1454544000,8
,,
05-02-2016,1454630400,12
,,
06-02-2016,1454716800,9
,,
07-02-2016,1454803200,21
,,
08-02-2016,1454889600,32
,,
09-02-2016,1454976000,5
,,
10-02-2016,1455062400,13
,,
11-02-2016,1455148800,51
,,
12-02-2016,1455235200,10
,,
13-02-2016,1455321600,3
,,
14-02-2016,1455408000,6
,,
15-02-2016,1455494400,23
,,
16-02-2016,1455580800,16
,,
17-02-2016,1455667200,25
,,
18-02-2016,1455753600,8
,,
19-02-2016,1455840000,4
,,
20-02-2016,1455926400,0
,,
21-02-2016,1456012800,3
,,
22-02-2016,1456099200,24
,,
23-02-2016,1456185600,39
,,
24-02-2016,1456272000,34
,,
25-02-2016,1456358400,33
,,
26-02-2016,1456444800,38
,,
27-02-2016,1456531200,11
,,
28-02-2016,1456617600,9
,,
29-02-2016,1456704000,45
,,
01-03-2016,1456790400,40
,,
02-03-2016,1456876800,46
,,
03-03-2016,1456963200,28
,,
04-03-2016,1457049600,141
,,
05-03-2016,1457136000,8
,,
06-03-2016,1457222400,27
,,
07-03-2016,1457308800,24
,,
08-03-2016,1457395200,63
,,
09-03-2016,1457481600,44
,,
10-03-2016,1457568000,38
,,
11-03-2016,1457654400,66
,,
12-03-2016,1457740800,54
,,
13-03-2016,1457827200,27
,,
14-03-2016,1457913600,40
,,
15-03-2016,1458000000,31
,,
16-03-2016,1458086400,26
,,
17-03-2016,1458172800,32
,,
18-03-2016,1458259200,31
,,
19-03-2016,1458345600,23
,,
20-03-2016,1458432000,63
,,
21-03-2016,1458518400,324
,,
22-03-2016,1458604800,3072
,,
23-03-2016,1458691200,906
,,
24-03-2016,1458777600,4911
,,
25-03-2016,1458864000,2164
,,
26-03-2016,1458950400,5508
,,
27-03-2016,1459036800,510
,,
28-03-2016,1459123200,4227
,,
29-03-2016,1459209600,683
,,
30-03-2016,1459296000,2753
,,
31-03-2016,1459382400,571
,,
01-04-2016,1459468800,3250
,,
02-04-2016,1459555200,471
,,
03-04-2016,1459641600,514
,,
04-04-2016,1459728000,3419
,,
05-04-2016,1459814400,6172
,,
06-04-2016,1459900800,1142
,,
07-04-2016,1459987200,2154
,,
08-04-2016,1460073600,4097
,,
09-04-2016,1460160000,1200
,,
10-04-2016,1460246400,513
,,
11-04-2016,1460332800,468
,,
12-04-2016,1460419200,2264
,,
13-04-2016,1460505600,1573
,,
14-04-2016,1460592000,1247
,,
15-04-2016,1460678400,4724
,,
16-04-2016,1460764800,247
,,
17-04-2016,1460851200,214
,,
18-04-2016,1460937600,1351
,,
19-04-2016,1461024000,1097
,,
20-04-2016,1461110400,1092
,,
21-04-2016,1461196800,875
,,
22-04-2016,1461283200,239
,,
23-04-2016,1461369600,167
,,
24-04-2016,1461456000,2124
,,
25-04-2016,1461542400,2967
,,
26-04-2016,1461628800,772
,,
27-04-2016,1461715200,297
,,
28-04-2016,1461801600,1420
,,
29-04-2016,1461888000,1285
,,
30-04-2016,1461974400,379
,,
01-05-2016,1462060800,1385
,,
02-05-2016,1462147200,243
,,
03-05-2016,1462233600,315
,,
04-05-2016,1462320000,1237
,,
05-05-2016,1462406400,414
,,
06-05-2016,1462492800,4039
,,
07-05-2016,1462579200,333
,,
08-05-2016,1462665600,1400
,,
09-05-2016,1462752000,346
,,
10-05-2016,1462838400,418
,,
11-05-2016,1462924800,347
,,
12-05-2016,1463011200,1630
,,
13-05-2016,1463097600,276
,,
14-05-2016,1463184000,1488
,,
15-05-2016,1463270400,232
,,
16-05-2016,1463356800,1207
,,
17-05-2016,1463443200,300
,,
18-05-2016,1463529600,1037
,,
19-05-2016,1463616000,598
,,
20-05-2016,1463702400,219
,,
21-05-2016,1463788800,1067
,,
22-05-2016,1463875200,151
,,
23-05-2016,1463961600,170
,,
24-05-2016,1464048000,257
,,
25-05-2016,1464134400,251
,,
26-05-2016,1464220800,273
,,
27-05-2016,1464307200,344
,,
28-05-2016,1464393600,11106
,,
29-05-2016,1464480000,3907
,,
30-05-2016,1464566400,2340
,,
31-05-2016,1464652800,1730
,,
01-06-2016,1464739200,1425
,,
02-06-2016,1464825600,1018
,,
03-06-2016,1464912000,981
,,
04-06-2016,1464998400,835
,,
05-06-2016,1465084800,947
,,
06-06-2016,1465171200,966
,,
07-06-2016,1465257600,1132
,,
08-06-2016,1465344000,1651
,,
09-06-2016,1465430400,1210
,,
10-06-2016,1465516800,1132
,,
11-06-2016,1465603200,1135
,,
12-06-2016,1465689600,1039
,,
13-06-2016,1465776000,1705
,,
14-06-2016,1465862400,2235
,,
15-06-2016,1465948800,1625
,,
16-06-2016,1466035200,1338
,,
17-06-2016,1466121600,19029
,,
18-06-2016,1466208000,4088
,,
19-06-2016,1466294400,2018
,,
20-06-2016,1466380800,1661
,,
21-06-2016,1466467200,4811
,,
22-06-2016,1466553600,3233
,,
23-06-2016,1466640000,806
,,
24-06-2016,1466726400,897
,,
25-06-2016,1466812800,662
,,
26-06-2016,1466899200,1023
,,
27-06-2016,1466985600,811
,,
28-06-2016,1467072000,989
,,
29-06-2016,1467158400,909
,,
30-06-2016,1467244800,707
,,
01-07-2016,1467331200,552
,,
02-07-2016,1467417600,616
,,
03-07-2016,1467504000,578
,,
04-07-2016,1467590400,625
,,
05-07-2016,1467676800,836
,,
06-07-2016,1467763200,540
,,
07-07-2016,1467849600,509
,,
08-07-2016,1467936000,539
,,
09-07-2016,1468022400,851
,,
10-07-2016,1468108800,403
,,
11-07-2016,1468195200,886
,,
12-07-2016,1468281600,527
,,
13-07-2016,1468368000,548
,,
14-07-2016,1468454400,2651
,,
15-07-2016,1468540800,915
,,
16-07-2016,1468627200,888
,,
17-07-2016,1468713600,519
,,
18-07-2016,1468800000,1665
,,
19-07-2016,1468886400,777
,,
20-07-2016,1468972800,2763
,,
21-07-2016,1469059200,2156
,,
22-07-2016,1469145600,1512
,,
23-07-2016,1469232000,1334
,,
24-07-2016,1469318400,1918
,,
25-07-2016,1469404800,1432
,,
26-07-2016,1469491200,1227
,,
27-07-2016,1469577600,1055
,,
28-07-2016,1469664000,5766
,,
29-07-2016,1469750400,2649
,,
30-07-2016,1469836800,1999
,,
31-07-2016,1469923200,561
,,
01-08-2016,1470009600,826
,,
02-08-2016,1470096000,851
,,
03-08-2016,1470182400,502
,,
04-08-2016,1470268800,524
,,
05-08-2016,1470355200,430
,,
06-08-2016,1470441600,317
,,
07-08-2016,1470528000,983
,,
08-08-2016,1470614400,13398
,,
09-08-2016,1470700800,1675
,,
10-08-2016,1470787200,566
,,
11-08-2016,1470873600,407
,,
12-08-2016,1470960000,599
,,
13-08-2016,1471046400,308
,,
14-08-2016,1471132800,280
,,
15-08-2016,1471219200,522
,,
16-08-2016,1471305600,1275
,,
17-08-2016,1471392000,327
,,
18-08-2016,1471478400,226
,,
19-08-2016,1471564800,323
,,
20-08-2016,1471651200,274
,,
21-08-2016,1471737600,491
,,
22-08-2016,1471824000,674
,,
23-08-2016,1471910400,729
,,
24-08-2016,1471996800,575
,,
25-08-2016,1472083200,494
,,
26-08-2016,1472169600,520
,,
27-08-2016,1472256000,395
,,
28-08-2016,1472342400,528
,,
29-08-2016,1472428800,378
,,
30-08-2016,1472515200,347
,,
31-08-2016,1472601600,383
,,
01-09-2016,1472688000,362
,,
02-09-2016,1472774400,621
,,
03-09-2016,1472860800,267
,,
04-09-2016,1472947200,325
,,
05-09-2016,1473033600,351
,,
06-09-2016,1473120000,707
,,
07-09-2016,1473206400,403
,,
08-09-2016,1473292800,436
,,
09-09-2016,1473379200,276
,,
10-09-2016,1473465600,275
,,
11-09-2016,1473552000,286
,,
12-09-2016,1473638400,501
,,
13-09-2016,1473724800,417
,,
14-09-2016,1473811200,508
,,
15-09-2016,1473897600,485
,,
16-09-2016,1473984000,621
,,
17-09-2016,1474070400,977
,,
18-09-2016,1474156800,302
,,
19-09-2016,1474243200,281
,,
20-09-2016,1474329600,1039
,,
21-09-2016,1474416000,1322
,,
22-09-2016,1474502400,310
,,
23-09-2016,1474588800,207
,,
24-09-2016,1474675200,243
,,
25-09-2016,1474761600,398
,,
26-09-2016,1474848000,188
,,
27-09-2016,1474934400,290
,,
28-09-2016,1475020800,311
,,
29-09-2016,1475107200,370
,,
30-09-2016,1475193600,291
,,
01-10-2016,1475280000,221
,,
02-10-2016,1475366400,437
,,
03-10-2016,1475452800,725
,,
04-10-2016,1475539200,5875
,,
05-10-2016,1475625600,2196
,,
06-10-2016,1475712000,1455
,,
07-10-2016,1475798400,1056
,,
08-10-2016,1475884800,826
,,
09-10-2016,1475971200,729
,,
10-10-2016,1476057600,896
,,
11-10-2016,1476144000,923
,,
12-10-2016,1476230400,631
,,
13-10-2016,1476316800,200
,,
14-10-2016,1476403200,254
,,
15-10-2016,1476489600,104
,,
16-10-2016,1476576000,134
,,
17-10-2016,1476662400,457
,,
18-10-2016,1476748800,522
,,
19-10-2016,1476835200,1807
,,
20-10-2016,1476921600,486
,,
21-10-2016,1477008000,3025
,,
22-10-2016,1477094400,726
,,
23-10-2016,1477180800,585
,,
24-10-2016,1477267200,2241
,,
25-10-2016,1477353600,2498
,,
26-10-2016,1477440000,1734
,,
27-10-2016,1477526400,2031
,,
28-10-2016,1477612800,3030
,,
29-10-2016,1477699200,3665
,,
30-10-2016,1477785600,2886
,,
31-10-2016,1477872000,1013
,,
01-11-2016,1477958400,5504
,,
02-11-2016,1478044800,774
,,
03-11-2016,1478131200,636
,,
04-11-2016,1478217600,428
,,
05-11-2016,1478304000,465
,,
06-11-2016,1478390400,396
,,
07-11-2016,1478476800,470
,,
08-11-2016,1478563200,535
,,
09-11-2016,1478649600,559
,,
10-11-2016,1478736000,478
,,
11-11-2016,1478822400,1358
,,
12-11-2016,1478908800,979
,,
13-11-2016,1478995200,1486
,,
14-11-2016,1479081600,1731
,,
15-11-2016,1479168000,1374
,,
16-11-2016,1479254400,1053
,,
17-11-2016,1479340800,764
,,
18-11-2016,1479427200,730
,,
19-11-2016,1479513600,613
,,
20-11-2016,1479600000,702
,,
21-11-2016,1479686400,740
,,
22-11-2016,1479772800,2692
,,
23-11-2016,1479859200,439
,,
24-11-2016,1479945600,321
,,
25-11-2016,1480032000,342
,,
26-11-2016,1480118400,1022
,,
27-11-2016,1480204800,320
,,
28-11-2016,1480291200,632
,,
29-11-2016,1480377600,1571
,,
30-11-2016,1480464000,578
,,
01-12-2016,1480550400,586
,,
02-12-2016,1480636800,1701
,,
03-12-2016,1480723200,413
,,
04-12-2016,1480809600,460
,,
05-12-2016,1480896000,805
,,
06-12-2016,1480982400,1055
,,
07-12-2016,1481068800,4554
,,
08-12-2016,1481155200,749
,,
09-12-2016,1481241600,682
,,
10-12-2016,1481328000,1920
,,
11-12-2016,1481414400,812
,,
12-12-2016,1481500800,712
,,
13-12-2016,1481587200,1160
,,
14-12-2016,1481673600,2410
,,
15-12-2016,1481760000,1641
,,
16-12-2016,1481846400,615
,,
17-12-2016,1481932800,472
,,
18-12-2016,1482019200,557
,,
19-12-2016,1482105600,2228
,,
20-12-2016,1482192000,999
,,
21-12-2016,1482278400,5382
,,
22-12-2016,1482364800,3739
,,
23-12-2016,1482451200,1924
,,
24-12-2016,1482537600,550
,,
25-12-2016,1482624000,565
,,
26-12-2016,1482710400,636
,,
27-12-2016,1482796800,2865
,,
28-12-2016,1482883200,1466
,,
29-12-2016,1482969600,1915
,,
30-12-2016,1483056000,2031
,,
31-12-2016,1483142400,568
,,
01-01-2017,1483228800,489
,,
02-01-2017,1483315200,683
,,
03-01-2017,1483401600,3083
,,
04-01-2017,1483488000,1769
,,
05-01-2017,1483574400,2593
,,
06-01-2017,1483660800,2024
,,
07-01-2017,1483747200,1865
,,
08-01-2017,1483833600,1729
,,
09-01-2017,1483920000,1413
,,
10-01-2017,1484006400,2845
,,
11-01-2017,1484092800,1175
,,
12-01-2017,1484179200,2240
,,
13-01-2017,1484265600,2584
,,
14-01-2017,1484352000,1286
,,
15-01-2017,1484438400,1460
,,
16-01-2017,1484524800,902
,,
17-01-2017,1484611200,2893
,,
18-01-2017,1484697600,1171
,,
19-01-2017,1484784000,2315
,,
20-01-2017,1484870400,2548
,,
21-01-2017,1484956800,1405
,,
22-01-2017,1485043200,1761
,,
23-01-2017,1485129600,1374
,,
24-01-2017,1485216000,3756
,,
25-01-2017,1485302400,2594
,,
26-01-2017,1485388800,2890
,,
27-01-2017,1485475200,2887
,,
28-01-2017,1485561600,1594
,,
29-01-2017,1485648000,1493
,,
30-01-2017,1485734400,937
,,
31-01-2017,1485820800,3123
,,
01-02-2017,1485907200,3402
,,
02-02-2017,1485993600,2449
,,
03-02-2017,1486080000,2866
,,
04-02-2017,1486166400,1571
,,
05-02-2017,1486252800,1858
,,
06-02-2017,1486339200,1078
,,
07-02-2017,1486425600,3180
,,
08-02-2017,1486512000,2414
,,
09-02-2017,1486598400,2590
,,
10-02-2017,1486684800,2477
,,
11-02-2017,1486771200,1658
,,
12-02-2017,1486857600,1857
,,
13-02-2017,1486944000,1297
,,
14-02-2017,1487030400,3205
,,
15-02-2017,1487116800,2273
,,
16-02-2017,1487203200,1173
,,
17-02-2017,1487289600,931
,,
18-02-2017,1487376000,3119
,,
19-02-2017,1487462400,1100
,,
20-02-2017,1487548800,1317
,,
21-02-2017,1487635200,12748
,,
22-02-2017,1487721600,4522
,,
23-02-2017,1487808000,2715
,,
24-02-2017,1487894400,3034
,,
25-02-2017,1487980800,3781
,,
26-02-2017,1488067200,2067
,,
27-02-2017,1488153600,1999
,,
28-02-2017,1488240000,3935
,,
01-03-2017,1488326400,2353
,,
02-03-2017,1488412800,3582
,,
03-03-2017,1488499200,3518
,,
04-03-2017,1488585600,1846
,,
05-03-2017,1488672000,1799
,,
06-03-2017,1488758400,1239
,,
07-03-2017,1488844800,3012
,,
08-03-2017,1488931200,2128
,,
09-03-2017,1489017600,3692
,,
10-03-2017,1489104000,3181
,,
11-03-2017,1489190400,2516
,,
12-03-2017,1489276800,2349
,,
13-03-2017,1489363200,2394
,,
14-03-2017,1489449600,3734
,,
15-03-2017,1489536000,3690
,,
16-03-2017,1489622400,4925
,,
17-03-2017,1489708800,4400
,,
18-03-2017,1489795200,4369
,,
19-03-2017,1489881600,2747
,,
20-03-2017,1489968000,2448
,,
21-03-2017,1490054400,4949
,,
22-03-2017,1490140800,3228
,,
23-03-2017,1490227200,4379
,,
24-03-2017,1490313600,4347
,,
25-03-2017,1490400000,3608
,,
26-03-2017,1490486400,3168
,,
27-03-2017,1490572800,4075
,,
28-03-2017,1490659200,4930
,,
29-03-2017,1490745600,12372
,,
30-03-2017,1490832000,9426
,,
31-03-2017,1490918400,6168
,,
01-04-2017,1491004800,3872
,,
02-04-2017,1491091200,3427
,,
03-04-2017,1491177600,2999
,,
04-04-2017,1491264000,4705
,,
05-04-2017,1491350400,3870
,,
06-04-2017,1491436800,5273
,,
07-04-2017,1491523200,4726
,,
08-04-2017,1491609600,4077
,,
09-04-2017,1491696000,3422
,,
10-04-2017,1491782400,2756
,,
11-04-2017,1491868800,4882
,,
12-04-2017,1491955200,3334
,,
13-04-2017,1492041600,8453
,,
14-04-2017,1492128000,4674
,,
15-04-2017,1492214400,3921
,,
16-04-2017,1492300800,3501
,,
17-04-2017,1492387200,3082
,,
18-04-2017,1492473600,8050
,,
19-04-2017,1492560000,10935
,,
20-04-2017,1492646400,6183
,,
21-04-2017,1492732800,6770
,,
22-04-2017,1492819200,4910
,,
23-04-2017,1492905600,4450
,,
24-04-2017,1492992000,4876
,,
25-04-2017,1493078400,8001
,,
26-04-2017,1493164800,6886
,,
27-04-2017,1493251200,14782
,,
28-04-2017,1493337600,18207
,,
29-04-2017,1493424000,8731
,,
30-04-2017,1493510400,11062
,,
01-05-2017,1493596800,19940
,,
02-05-2017,1493683200,16898
,,
03-05-2017,1493769600,13989
,,
04-05-2017,1493856000,13833
,,
05-05-2017,1493942400,9467
,,
06-05-2017,1494028800,10864
,,
07-05-2017,1494115200,8510
,,
08-05-2017,1494201600,10555
,,
09-05-2017,1494288000,10396
,,
10-05-2017,1494374400,9910
,,
11-05-2017,1494460800,10478
,,
12-05-2017,1494547200,8873
,,
13-05-2017,1494633600,11961
,,
14-05-2017,1494720000,6972
,,
15-05-2017,1494806400,11479
,,
16-05-2017,1494892800,7994
,,
17-05-2017,1494979200,15724
,,
18-05-2017,1495065600,12780
,,
19-05-2017,1495152000,11795
,,
20-05-2017,1495238400,11619
,,
21-05-2017,1495324800,12349
,,
22-05-2017,1495411200,10083
,,
23-05-2017,1495497600,14557
,,
24-05-2017,1495584000,16289
,,
25-05-2017,1495670400,13205
,,
26-05-2017,1495756800,10409
,,
27-05-2017,1495843200,8980
,,
28-05-2017,1495929600,11565
,,
29-05-2017,1496016000,10392
,,
30-05-2017,1496102400,12970
,,
31-05-2017,1496188800,11826
,,
01-06-2017,1496275200,13292
,,
02-06-2017,1496361600,23909
,,
03-06-2017,1496448000,14355
,,
04-06-2017,1496534400,15977
,,
05-06-2017,1496620800,16560
,,
06-06-2017,1496707200,16533
,,
07-06-2017,1496793600,23162
,,
08-06-2017,1496880000,17998
,,
09-06-2017,1496966400,28753
,,
10-06-2017,1497052800,17530
,,
11-06-2017,1497139200,15852
,,
12-06-2017,1497225600,46239
,,
13-06-2017,1497312000,22017
,,
14-06-2017,1497398400,20193
,,
15-06-2017,1497484800,23946
,,
16-06-2017,1497571200,24768
,,
17-06-2017,1497657600,24713
,,
18-06-2017,1497744000,17626
,,
19-06-2017,1497830400,35659
,,
20-06-2017,1497916800,35761
,,
21-06-2017,1498003200,28052
,,
22-06-2017,1498089600,24804
,,
23-06-2017,1498176000,29852
,,
24-06-2017,1498262400,20945
,,
25-06-2017,1498348800,23475
,,
26-06-2017,1498435200,22361
,,
27-06-2017,1498521600,26255
,,
28-06-2017,1498608000,37226
,,
29-06-2017,1498694400,42616
,,
30-06-2017,1498780800,26916
,,
01-07-2017,1498867200,29520
,,
02-07-2017,1498953600,39904
,,
03-07-2017,1499040000,51372
,,
04-07-2017,1499126400,40162
,,
05-07-2017,1499212800,48160
,,
06-07-2017,1499299200,51455
,,
07-07-2017,1499385600,62015
,,
08-07-2017,1499472000,46256
,,
09-07-2017,1499558400,42928
,,
10-07-2017,1499644800,53163
,,
11-07-2017,1499731200,49699
,,
12-07-2017,1499817600,52559
,,
13-07-2017,1499904000,40443
,,
14-07-2017,1499990400,36435
,,
15-07-2017,1500076800,38548
,,
16-07-2017,1500163200,42517
,,
17-07-2017,1500249600,40592
,,
18-07-2017,1500336000,35337
,,
19-07-2017,1500422400,45759
,,
20-07-2017,1500508800,37663
,,
21-07-2017,1500595200,35455
,,
22-07-2017,1500681600,38351
,,
23-07-2017,1500768000,45139
,,
24-07-2017,1500854400,49597
,,
25-07-2017,1500940800,44386
,,
26-07-2017,1501027200,36515
,,
27-07-2017,1501113600,36215
,,
28-07-2017,1501200000,45389
,,
29-07-2017,1501286400,26292
,,
30-07-2017,1501372800,29941
,,
31-07-2017,1501459200,43935
,,
01-08-2017,1501545600,30251
,,
02-08-2017,1501632000,38190
,,
03-08-2017,1501718400,39493
,,
04-08-2017,1501804800,40320
,,
05-08-2017,1501891200,51896
,,
06-08-2017,1501977600,62029
,,
07-08-2017,1502064000,50529
,,
08-08-2017,1502150400,54576
,,
09-08-2017,1502236800,42638
,,
10-08-2017,1502323200,67587
,,
11-08-2017,1502409600,79200
,,
12-08-2017,1502496000,78973
,,
13-08-2017,1502582400,65681
,,
14-08-2017,1502668800,81847
,,
15-08-2017,1502755200,98986
,,
16-08-2017,1502841600,90667
,,
17-08-2017,1502928000,82537
,,
18-08-2017,1503014400,74708
,,
19-08-2017,1503100800,72890
,,
20-08-2017,1503187200,59027
,,
21-08-2017,1503273600,79662
,,
22-08-2017,1503360000,85798
,,
23-08-2017,1503446400,65007
,,
24-08-2017,1503532800,78570
,,
25-08-2017,1503619200,76949
,,
26-08-2017,1503705600,69846
,,
27-08-2017,1503792000,74236
,,
28-08-2017,1503878400,77140
,,
29-08-2017,1503964800,93003
,,
30-08-2017,1504051200,95742
,,
31-08-2017,1504137600,72950
,,
01-09-2017,1504224000,83475
,,
02-09-2017,1504310400,75348
,,
03-09-2017,1504396800,70635
,,
04-09-2017,1504483200,101317
,,
05-09-2017,1504569600,115015
,,
06-09-2017,1504656000,141070
,,
07-09-2017,1504742400,128248
,,
08-09-2017,1504828800,142201
,,
09-09-2017,1504915200,112041
,,
10-09-2017,1505001600,84627
,,
11-09-2017,1505088000,88764
,,
12-09-2017,1505174400,106220
,,
13-09-2017,1505260800,108073
,,
14-09-2017,1505347200,116596
,,
15-09-2017,1505433600,128673
,,
16-09-2017,1505520000,110903
,,
17-09-2017,1505606400,142277
,,
18-09-2017,1505692800,143449
,,
19-09-2017,1505779200,135141
,,
20-09-2017,1505865600,98003
,,
21-09-2017,1505952000,129468
,,
22-09-2017,1506038400,112697
,,
23-09-2017,1506124800,93864
,,
24-09-2017,1506211200,66172
,,
25-09-2017,1506297600,88410
,,
26-09-2017,1506384000,100752
,,
27-09-2017,1506470400,98936
,,
28-09-2017,1506556800,98623
,,
29-09-2017,1506643200,75941
,,
30-09-2017,1506729600,69309
,,
01-10-2017,1506816000,70350
,,
02-10-2017,1506902400,73284
,,
03-10-2017,1506988800,76597
,,
04-10-2017,1507075200,62396
,,
05-10-2017,1507161600,63472
,,
06-10-2017,1507248000,66861
,,
07-10-2017,1507334400,73014
,,
08-10-2017,1507420800,78219
,,
09-10-2017,1507507200,78959
,,
10-10-2017,1507593600,95128
,,
11-10-2017,1507680000,77894
,,
12-10-2017,1507766400,93663
,,
13-10-2017,1507852800,95874
,,
14-10-2017,1507939200,89823
,,
15-10-2017,1508025600,80684
,,
16-10-2017,1508112000,145630
,,
17-10-2017,1508198400,161702
,,
18-10-2017,1508284800,123933
,,
19-10-2017,1508371200,128913
,,
20-10-2017,1508457600,136849
,,
21-10-2017,1508544000,91174
,,
22-10-2017,1508630400,66745
,,
23-10-2017,1508716800,154838
,,
24-10-2017,1508803200,144208
,,
25-10-2017,1508889600,156660
,,
26-10-2017,1508976000,187325
,,
27-10-2017,1509062400,214386
,,
28-10-2017,1509148800,243856
,,
29-10-2017,1509235200,253731
,,
30-10-2017,1509321600,256519
,,
31-10-2017,1509408000,240472
,,
01-11-2017,1509494400,223768
,,
02-11-2017,1509580800,253204
,,
03-11-2017,1509667200,294808
,,
04-11-2017,1509753600,235018
,,
05-11-2017,1509840000,153907
,,
06-11-2017,1509926400,148561
,,
07-11-2017,1510012800,155062
,,
08-11-2017,1510099200,139532
,,
09-11-2017,1510185600,111893
,,
10-11-2017,1510272000,128946
,,
11-11-2017,1510358400,218484
,,
12-11-2017,1510444800,206204
,,
13-11-2017,1510531200,205781
,,
14-11-2017,1510617600,188896
,,
15-11-2017,1510704000,142548
,,
16-11-2017,1510790400,148203
,,
17-11-2017,1510876800,143762
,,
18-11-2017,1510963200,231331
,,
19-11-2017,1511049600,206858
,,
20-11-2017,1511136000,193524
,,
21-11-2017,1511222400,182748
,,
22-11-2017,1511308800,157860
,,
23-11-2017,1511395200,149862
,,
24-11-2017,1511481600,165538
,,
25-11-2017,1511568000,211435
,,
26-11-2017,1511654400,151326
,,
27-11-2017,1511740800,1073786
,,
28-11-2017,1511827200,237782
,,
29-11-2017,1511913600,181308
,,
30-11-2017,1512000000,143323
,,
01-12-2017,1512086400,151361
,,
02-12-2017,1512172800,170000
,,
03-12-2017,1512259200,141307
,,
04-12-2017,1512345600,100010
,,
05-12-2017,1512432000,88114
,,
06-12-2017,1512518400,72299
,,
07-12-2017,1512604800,68129
,,
08-12-2017,1512691200,110395
,,
09-12-2017,1512777600,120314
,,
10-12-2017,1512864000,108130
,,
11-12-2017,1512950400,115171
,,
12-12-2017,1513036800,147987
,,
13-12-2017,1513123200,157743
,,
14-12-2017,1513209600,150349
,,
15-12-2017,1513296000,135735
,,
16-12-2017,1513382400,173225
,,
17-12-2017,1513468800,172447
,,
18-12-2017,1513555200,191702
,,
19-12-2017,1513641600,207166
,,
20-12-2017,1513728000,164530
,,
21-12-2017,1513814400,232811
,,
22-12-2017,1513900800,214197
,,
23-12-2017,1513987200,239151
,,
24-12-2017,1514073600,151163
,,
25-12-2017,1514160000,173411
,,
26-12-2017,1514246400,225798
,,
27-12-2017,1514332800,274274
,,
28-12-2017,1514419200,253695
,,
29-12-2017,1514505600,209915
,,
30-12-2017,1514592000,157357
,,
31-12-2017,1514678400,174644
,,
01-01-2018,1514764800,175286
,,
02-01-2018,1514851200,203644
,,
03-01-2018,1514937600,190084
,,
04-01-2018,1515024000,155054
,,
05-01-2018,1515110400,173793
,,
06-01-2018,1515196800,183551
,,
07-01-2018,1515283200,201285
,,
08-01-2018,1515369600,200436
,,
09-01-2018,1515456000,189331
,,
10-01-2018,1515542400,183106
,,
11-01-2018,1515628800,190622
,,
12-01-2018,1515715200,209485
,,
13-01-2018,1515801600,193604
,,
14-01-2018,1515888000,206810
,,
15-01-2018,1515974400,203509
,,
16-01-2018,1516060800,207563
,,
17-01-2018,1516147200,201492
,,
18-01-2018,1516233600,216466
,,
19-01-2018,1516320000,209212
,,
20-01-2018,1516406400,245993
,,
21-01-2018,1516492800,212840
,,
22-01-2018,1516579200,216984
,,
23-01-2018,1516665600,233854
,,
24-01-2018,1516752000,252762
,,
25-01-2018,1516838400,277511
,,
26-01-2018,1516924800,283025
,,
27-01-2018,1517011200,210746
,,
28-01-2018,1517097600,213608
,,
29-01-2018,1517184000,190018
,,
30-01-2018,1517270400,212863
,,
31-01-2018,1517356800,243610
,,
01-02-2018,1517443200,224597
,,
02-02-2018,1517529600,225479
,,
03-02-2018,1517616000,194613
,,
04-02-2018,1517702400,242788
,,
05-02-2018,1517788800,216591
,,
06-02-2018,1517875200,237033
,,
07-02-2018,1517961600,211758
,,
08-02-2018,1518048000,191457
,,
09-02-2018,1518134400,219925
,,
10-02-2018,1518220800,252436
,,
11-02-2018,1518307200,273057
,,
12-02-2018,1518393600,263209
,,
13-02-2018,1518480000,240902
,,
14-02-2018,1518566400,220071
,,
15-02-2018,1518652800,248794
,,
16-02-2018,1518739200,248264
,,
17-02-2018,1518825600,267125
,,
18-02-2018,1518912000,281703
,,
19-02-2018,1518998400,289141
,,
20-02-2018,1519084800,350125
,,
21-02-2018,1519171200,323737
,,
22-02-2018,1519257600,350217
,,
23-02-2018,1519344000,360164
,,
24-02-2018,1519430400,375435
,,
25-02-2018,1519516800,319484
,,
26-02-2018,1519603200,272691
,,
27-02-2018,1519689600,266713
,,
28-02-2018,1519776000,338740
,,
01-03-2018,1519862400,296577
,,
02-03-2018,1519948800,353955
,,
03-03-2018,1520035200,313855
,,
04-03-2018,1520121600,297585
,,
05-03-2018,1520208000,324160
,,
06-03-2018,1520294400,278642
,,
07-03-2018,1520380800,287118
,,
08-03-2018,1520467200,325276
,,
09-03-2018,1520553600,349995
,,
10-03-2018,1520640000,255820
,,
11-03-2018,1520726400,296067
,,
12-03-2018,1520812800,390982
,,
13-03-2018,1520899200,353854
,,
14-03-2018,1520985600,316058
,,
15-03-2018,1521072000,395535
,,
16-03-2018,1521158400,342155
,,
17-03-2018,1521244800,325819
,,
18-03-2018,1521331200,344319
,,
19-03-2018,1521417600,337492
,,
20-03-2018,1521504000,311527
,,
21-03-2018,1521590400,281591
,,
22-03-2018,1521676800,229749
,,
23-03-2018,1521763200,264649
,,
24-03-2018,1521849600,254941
,,
25-03-2018,1521936000,239663
,,
26-03-2018,1522022400,261672
,,
27-03-2018,1522108800,270789
,,
28-03-2018,1522195200,284790
,,
29-03-2018,1522281600,276057
,,
30-03-2018,1522368000,291642
,,
31-03-2018,1522454400,265074
,,
01-04-2018,1522540800,294982
,,
02-04-2018,1522627200,294175
,,
03-04-2018,1522713600,296515
,,
04-04-2018,1522800000,235067
,,
05-04-2018,1522886400,288593
,,
06-04-2018,1522972800,255340
,,
07-04-2018,1523059200,319255
,,
08-04-2018,1523145600,299111
,,
09-04-2018,1523232000,315542
,,
10-04-2018,1523318400,358567
,,
11-04-2018,1523404800,403541
,,
12-04-2018,1523491200,358084
,,
13-04-2018,1523577600,341099
,,
14-04-2018,1523664000,265977
,,
15-04-2018,1523750400,281523
,,
16-04-2018,1523836800,319150
,,
17-04-2018,1523923200,340321
,,
18-04-2018,1524009600,384043
,,
19-04-2018,1524096000,465056
,,
20-04-2018,1524182400,482366
,,
21-04-2018,1524268800,307736
,,
22-04-2018,1524355200,375095
,,
23-04-2018,1524441600,306793
,,
24-04-2018,1524528000,350572
,,
25-04-2018,1524614400,368653
,,
26-04-2018,1524700800,435335
,,
27-04-2018,1524787200,386241
,,
28-04-2018,1524873600,361009
,,
29-04-2018,1524960000,313576
,,
30-04-2018,1525046400,350925
,,
01-05-2018,1525132800,404238
,,
02-05-2018,1525219200,482047
,,
03-05-2018,1525305600,471404
,,
04-05-2018,1525392000,328748
,,
05-05-2018,1525478400,531986
,,
06-05-2018,1525564800,537209
,,
07-05-2018,1525651200,375478
,,
08-05-2018,1525737600,353127
,,
09-05-2018,1525824000,407252
,,
10-05-2018,1525910400,382960
,,
11-05-2018,1525996800,412050
,,
12-05-2018,1526083200,445465
,,
13-05-2018,1526169600,443167
,,
14-05-2018,1526256000,344209
,,
15-05-2018,1526342400,414071
,,
16-05-2018,1526428800,415292
,,
17-05-2018,1526515200,385143
,,
18-05-2018,1526601600,388178
,,
19-05-2018,1526688000,386988
,,
20-05-2018,1526774400,428355
,,
21-05-2018,1526860800,418601
,,
22-05-2018,1526947200,374477
,,
23-05-2018,1527033600,409045
,,
24-05-2018,1527120000,399975
,,
25-05-2018,1527206400,411424
,,
26-05-2018,1527292800,429768
,,
27-05-2018,1527379200,404451
,,
28-05-2018,1527465600,369953
,,
29-05-2018,1527552000,404726
,,
30-05-2018,1527638400,363851
,,
31-05-2018,1527724800,354968
,,
01-06-2018,1527811200,446065
,,
02-06-2018,1527897600,465165
,,
03-06-2018,1527984000,450050
,,
04-06-2018,1528070400,430736
,,
05-06-2018,1528156800,420419
,,
06-06-2018,1528243200,386670
,,
07-06-2018,1528329600,375175
,,
08-06-2018,1528416000,501936
,,
09-06-2018,1528502400,461425
,,
10-06-2018,1528588800,453014
,,
11-06-2018,1528675200,371213
,,
12-06-2018,1528761600,386982
,,
13-06-2018,1528848000,544412
,,
14-06-2018,1528934400,443722
,,
15-06-2018,1529020800,353070
,,
16-06-2018,1529107200,1475639
,,
17-06-2018,1529193600,364906
,,
18-06-2018,1529280000,397001
,,
19-06-2018,1529366400,443612
,,
20-06-2018,1529452800,448317
,,
21-06-2018,1529539200,401233
,,
22-06-2018,1529625600,440886
,,
23-06-2018,1529712000,393996
,,
24-06-2018,1529798400,390762
,,
25-06-2018,1529884800,439301
,,
26-06-2018,1529971200,488199
,,
27-06-2018,1530057600,526494
,,
28-06-2018,1530144000,506986
,,
29-06-2018,1530230400,429761
,,
30-06-2018,1530316800,733417
,,
01-07-2018,1530403200,840312
,,
02-07-2018,1530489600,891250
,,
03-07-2018,1530576000,830801
,,
04-07-2018,1530662400,872559
,,
05-07-2018,1530748800,834019
,,
06-07-2018,1530835200,957337
,,
07-07-2018,1530921600,941036
,,
08-07-2018,1531008000,661175
,,
09-07-2018,1531094400,663149
,,
10-07-2018,1531180800,627467
,,
11-07-2018,1531267200,749544
,,
12-07-2018,1531353600,831996
,,
13-07-2018,1531440000,886477
,,
14-07-2018,1531526400,1019707
,,
15-07-2018,1531612800,970851
,,
16-07-2018,1531699200,518095
,,
17-07-2018,1531785600,518773
,,
18-07-2018,1531872000,457999
,,
19-07-2018,1531958400,447863
,,
20-07-2018,1532044800,333735
,,
21-07-2018,1532131200,311927
,,
22-07-2018,1532217600,451082
,,
23-07-2018,1532304000,412827
,,
24-07-2018,1532390400,423843
,,
25-07-2018,1532476800,428902
,,
26-07-2018,1532563200,445055
,,
27-07-2018,1532649600,413196
,,
28-07-2018,1532736000,330478
,,
29-07-2018,1532822400,421860
,,
30-07-2018,1532908800,468438
,,
31-07-2018,1532995200,438754
,,
01-08-2018,1533081600,446236
,,
02-08-2018,1533168000,443687
,,
03-08-2018,1533254400,455770
,,
04-08-2018,1533340800,481942
,,
05-08-2018,1533427200,479012
,,
06-08-2018,1533513600,461331
,,
07-08-2018,1533600000,264940
,,
08-08-2018,1533686400,126846
,,
09-08-2018,1533772800,123821
,,
10-08-2018,1533859200,205258
,,
11-08-2018,1533945600,382522
,,
12-08-2018,1534032000,396854
,,
13-08-2018,1534118400,393673
,,
14-08-2018,1534204800,380815
,,
15-08-2018,1534291200,380792
,,
16-08-2018,1534377600,389421
,,
17-08-2018,1534464000,266919
,,
18-08-2018,1534550400,442684
,,
19-08-2018,1534636800,378835
,,
20-08-2018,1534723200,404034
,,
21-08-2018,1534809600,462010
,,
22-08-2018,1534896000,375835
,,
23-08-2018,1534982400,405345
,,
24-08-2018,1535068800,400662
,,
25-08-2018,1535155200,439799
,,
26-08-2018,1535241600,373155
,,
27-08-2018,1535328000,580315
,,
28-08-2018,1535414400,523597
,,
29-08-2018,1535500800,440490
,,
30-08-2018,1535587200,421909
,,
31-08-2018,1535673600,376179
,,
01-09-2018,1535760000,371575
,,
02-09-2018,1535846400,385235
,,
03-09-2018,1535932800,371834
,,
04-09-2018,1536019200,334268
,,
05-09-2018,1536105600,336793
,,
06-09-2018,1536192000,424738
,,
07-09-2018,1536278400,600430
,,
08-09-2018,1536364800,357906
,,
09-09-2018,1536451200,324172
,,
10-09-2018,1536537600,331924
,,
11-09-2018,1536624000,342723
,,
12-09-2018,1536710400,342946
,,
13-09-2018,1536796800,360753
,,
14-09-2018,1536883200,424686
,,
15-09-2018,1536969600,418192
,,
16-09-2018,1537056000,424321
,,
17-09-2018,1537142400,421375
,,
18-09-2018,1537228800,402834
,,
19-09-2018,1537315200,224532
,,
20-09-2018,1537401600,395470
,,
21-09-2018,1537488000,358058
,,
22-09-2018,1537574400,374690
,,
23-09-2018,1537660800,384820
,,
24-09-2018,1537747200,400717
,,
25-09-2018,1537833600,430215
,,
26-09-2018,1537920000,443450
,,
27-09-2018,1538006400,422304
,,
28-09-2018,1538092800,372263
,,
29-09-2018,1538179200,254676
,,
30-09-2018,1538265600,369986
,,
01-10-2018,1538352000,385445
,,
02-10-2018,1538438400,345044
,,
03-10-2018,1538524800,367465
,,
04-10-2018,1538611200,397961
,,
05-10-2018,1538697600,391881
,,
06-10-2018,1538784000,348785
,,
07-10-2018,1538870400,285009
,,
08-10-2018,1538956800,298503
,,
09-10-2018,1539043200,356105
,,
10-10-2018,1539129600,246976
,,
11-10-2018,1539216000,281024
,,
12-10-2018,1539302400,631756
,,
13-10-2018,1539388800,319139
,,
14-10-2018,1539475200,316448
,,
15-10-2018,1539561600,292318
,,
16-10-2018,1539648000,302794
,,
17-10-2018,1539734400,291295
,,
18-10-2018,1539820800,384805
,,
19-10-2018,1539907200,332479
,,
20-10-2018,1539993600,383307
,,
21-10-2018,1540080000,329017
,,
22-10-2018,1540166400,370811
,,
23-10-2018,1540252800,330894
,,
24-10-2018,1540339200,276826
,,
25-10-2018,1540425600,307826
,,
26-10-2018,1540512000,303061
,,
27-10-2018,1540598400,332163
,,
28-10-2018,1540684800,363977
,,
29-10-2018,1540771200,345330
,,
30-10-2018,1540857600,357419
,,
31-10-2018,1540944000,359762
,,
01-11-2018,1541030400,351771
,,
02-11-2018,1541116800,322662
,,
03-11-2018,1541203200,325996
,,
04-11-2018,1541289600,271182
,,
05-11-2018,1541376000,254816
,,
06-11-2018,1541462400,339161
,,
07-11-2018,1541548800,304557
,,
08-11-2018,1541635200,315268
,,
09-11-2018,1541721600,301642
,,
10-11-2018,1541808000,327033
,,
11-11-2018,1541894400,399326
,,
12-11-2018,1541980800,316717
,,
13-11-2018,1542067200,281355
,,
14-11-2018,1542153600,292462
,,
15-11-2018,1542240000,233230
,,
16-11-2018,1542326400,264004
,,
17-11-2018,1542412800,262588
,,
18-11-2018,1542499200,243736
,,
19-11-2018,1542585600,258576
,,
20-11-2018,1542672000,276695
,,
21-11-2018,1542758400,317301
,,
22-11-2018,1542844800,310142
,,
23-11-2018,1542931200,279262
,,
24-11-2018,1543017600,265089
,,
25-11-2018,1543104000,279125
,,
26-11-2018,1543190400,299404
,,
27-11-2018,1543276800,333313
,,
28-11-2018,1543363200,308999
,,
29-11-2018,1543449600,280025
,,
30-11-2018,1543536000,363108
,,
01-12-2018,1543622400,245267
,,
02-12-2018,1543708800,253299
,,
03-12-2018,1543795200,282990
,,
04-12-2018,1543881600,276718
,,
05-12-2018,1543968000,308057
,,
06-12-2018,1544054400,322519
,,
07-12-2018,1544140800,281196
,,
08-12-2018,1544227200,299509
,,
09-12-2018,1544313600,305534
,,
10-12-2018,1544400000,384930
,,
11-12-2018,1544486400,361252
,,
12-12-2018,1544572800,369658
,,
13-12-2018,1544659200,329231
,,
14-12-2018,1544745600,313661
,,
15-12-2018,1544832000,320872
,,
16-12-2018,1544918400,366853
,,
17-12-2018,1545004800,333888
,,
18-12-2018,1545091200,326153
,,
19-12-2018,1545177600,317298
,,
20-12-2018,1545264000,336525
,,
21-12-2018,1545350400,318356
,,
22-12-2018,1545436800,319006
,,
23-12-2018,1545523200,277411
,,
24-12-2018,1545609600,333219
,,
25-12-2018,1545696000,285056
,,
26-12-2018,1545782400,348491
,,
27-12-2018,1545868800,387855
,,
28-12-2018,1545955200,402862
,,
29-12-2018,1546041600,345464
,,
30-12-2018,1546128000,300068
,,
31-12-2018,1546214400,387615
,,
01-01-2019,1546300800,282493
,,
02-01-2019,1546387200,350991
,,
03-01-2019,1546473600,339440
,,
04-01-2019,1546560000,310372
,,
05-01-2019,1546646400,305018
,,
06-01-2019,1546732800,287571
,,
07-01-2019,1546819200,320484
,,
08-01-2019,1546905600,303793
,,
09-01-2019,1546992000,301296
,,
10-01-2019,1547078400,322495
,,
11-01-2019,1547164800,309326
,,
12-01-2019,1547251200,251020
,,
13-01-2019,1547337600,267725
,,
14-01-2019,1547424000,253511
,,
15-01-2019,1547510400,250482
,,
16-01-2019,1547596800,258389
,,
17-01-2019,1547683200,292396
,,
18-01-2019,1547769600,314265
,,
19-01-2019,1547856000,325482
,,
20-01-2019,1547942400,352724
,,
21-01-2019,1548028800,362179
,,
22-01-2019,1548115200,409857
,,
23-01-2019,1548201600,277494
,,
24-01-2019,1548288000,305080
,,
25-01-2019,1548374400,305279
,,
26-01-2019,1548460800,319567
,,
27-01-2019,1548547200,285539
,,
28-01-2019,1548633600,292129
,,
29-01-2019,1548720000,341264
,,
30-01-2019,1548806400,317055
,,
31-01-2019,1548892800,309022
,,
01-02-2019,1548979200,289787
,,
02-02-2019,1549065600,276583
,,
03-02-2019,1549152000,241834
,,
04-02-2019,1549238400,262765
,,
05-02-2019,1549324800,216499
,,
06-02-2019,1549411200,227634
,,
07-02-2019,1549497600,230809
,,
08-02-2019,1549584000,253033
,,
09-02-2019,1549670400,252930
,,
10-02-2019,1549756800,204774
,,
11-02-2019,1549843200,224251
,,
12-02-2019,1549929600,255403
,,
13-02-2019,1550016000,286072
,,
14-02-2019,1550102400,294993
,,
15-02-2019,1550188800,311038
,,
16-02-2019,1550275200,261147
,,
17-02-2019,1550361600,264686
,,
18-02-2019,1550448000,289177
,,
19-02-2019,1550534400,322370
,,
20-02-2019,1550620800,344624
,,
21-02-2019,1550707200,330707
,,
22-02-2019,1550793600,359508
,,
23-02-2019,1550880000,346227
,,
24-02-2019,1550966400,331526
,,
25-02-2019,1551052800,321676
,,
26-02-2019,1551139200,289973
,,
27-02-2019,1551225600,299542
,,
28-02-2019,1551312000,365246
,,
01-03-2019,1551398400,415590
,,
02-03-2019,1551484800,344950
,,
03-03-2019,1551571200,326390
,,
04-03-2019,1551657600,445589
,,
05-03-2019,1551744000,404711
,,
06-03-2019,1551830400,375519
,,
07-03-2019,1551916800,348291
,,
08-03-2019,1552003200,368519
,,
09-03-2019,1552089600,319477
,,
10-03-2019,1552176000,275759
,,
11-03-2019,1552262400,335378
,,
12-03-2019,1552348800,301148
,,
13-03-2019,1552435200,387195
,,
14-03-2019,1552521600,358641
,,
15-03-2019,1552608000,351002
,,
16-03-2019,1552694400,287556
,,
17-03-2019,1552780800,249376
,,
18-03-2019,1552867200,376952
,,
19-03-2019,1552953600,459402
,,
20-03-2019,1553040000,377361
,,
21-03-2019,1553126400,435433
,,
22-03-2019,1553212800,406400
,,
23-03-2019,1553299200,357268
,,
24-03-2019,1553385600,311373
,,
25-03-2019,1553472000,325590
,,
26-03-2019,1553558400,343053
,,
27-03-2019,1553644800,437775
,,
28-03-2019,1553731200,348420
,,
29-03-2019,1553817600,330497
,,
30-03-2019,1553904000,423378
,,
31-03-2019,1553990400,423097
,,
01-04-2019,1554076800,409745
,,
02-04-2019,1554163200,392320
,,
03-04-2019,1554249600,375742
,,
04-04-2019,1554336000,391261
,,
05-04-2019,1554422400,323874
,,
06-04-2019,1554508800,270869
,,
07-04-2019,1554595200,273821
,,
08-04-2019,1554681600,339257
,,
09-04-2019,1554768000,343874
,,
10-04-2019,1554854400,339406
,,
11-04-2019,1554940800,356270
,,
12-04-2019,1555027200,361404
,,
13-04-2019,1555113600,318285
,,
14-04-2019,1555200000,318672
,,
15-04-2019,1555286400,295531
,,
16-04-2019,1555372800,346998
,,
17-04-2019,1555459200,361307
,,
18-04-2019,1555545600,421910
,,
19-04-2019,1555632000,377642
,,
20-04-2019,1555718400,353886
,,
21-04-2019,1555804800,394887
,,
22-04-2019,1555891200,461668
,,
23-04-2019,1555977600,437586
,,
24-04-2019,1556064000,439083
,,
25-04-2019,1556150400,338777
,,
26-04-2019,1556236800,366001
,,
27-04-2019,1556323200,282692
,,
28-04-2019,1556409600,358990
,,
29-04-2019,1556496000,365242
,,
30-04-2019,1556582400,423180
,,
01-05-2019,1556668800,387502
,,
02-05-2019,1556755200,310343
,,
03-05-2019,1556841600,375126
,,
04-05-2019,1556928000,336725
,,
05-05-2019,1557014400,332600
,,
06-05-2019,1557100800,364582
,,
07-05-2019,1557187200,345881
,,
08-05-2019,1557273600,340650
,,
09-05-2019,1557360000,407535
,,
10-05-2019,1557446400,499608
,,
11-05-2019,1557532800,409162
,,
12-05-2019,1557619200,379982
,,
13-05-2019,1557705600,439445
,,
14-05-2019,1557792000,445781
,,
15-05-2019,1557878400,460125
,,
16-05-2019,1557964800,437872
,,
17-05-2019,1558051200,410503
,,
18-05-2019,1558137600,418775
,,
19-05-2019,1558224000,452853
,,
20-05-2019,1558310400,468141
,,
21-05-2019,1558396800,423008
,,
22-05-2019,1558483200,516085
,,
23-05-2019,1558569600,466466
,,
24-05-2019,1558656000,501874
,,
25-05-2019,1558742400,475844
,,
26-05-2019,1558828800,402136
,,
27-05-2019,1558915200,540432
,,
28-05-2019,1559001600,486792
,,
29-05-2019,1559088000,544015
,,
30-05-2019,1559174400,489077
,,
31-05-2019,1559260800,527326
,,
01-06-2019,1559347200,560662
,,
02-06-2019,1559433600,480786
,,
03-06-2019,1559520000,484457
,,
04-06-2019,1559606400,495701
,,
05-06-2019,1559692800,480533
,,
06-06-2019,1559779200,519479
,,
07-06-2019,1559865600,402846
,,
08-06-2019,1559952000,571902
,,
09-06-2019,1560038400,368215
,,
10-06-2019,1560124800,609561
,,
11-06-2019,1560211200,513576
,,
12-06-2019,1560297600,369428
,,
13-06-2019,1560384000,361793
,,
14-06-2019,1560470400,454653
,,
15-06-2019,1560556800,576733
,,
16-06-2019,1560643200,435570
,,
17-06-2019,1560729600,596076
,,
18-06-2019,1560816000,501268
,,
19-06-2019,1560902400,505683
,,
20-06-2019,1560988800,647489
,,
21-06-2019,1561075200,414255
,,
22-06-2019,1561161600,375734
,,
23-06-2019,1561248000,415711
,,
24-06-2019,1561334400,443672
,,
25-06-2019,1561420800,574105
,,
26-06-2019,1561507200,403462
,,
27-06-2019,1561593600,390526
,,
28-06-2019,1561680000,644207
,,
29-06-2019,1561766400,390904
,,
30-06-2019,1561852800,438698
,,
01-07-2019,1561939200,628645
,,
02-07-2019,1562025600,610490
,,
03-07-2019,1562112000,507033
,,
04-07-2019,1562198400,465329
,,
05-07-2019,1562284800,570524
,,
06-07-2019,1562371200,524755
,,
07-07-2019,1562457600,401731
,,
08-07-2019,1562544000,500464
,,
09-07-2019,1562630400,421958
,,
10-07-2019,1562716800,391756
,,
11-07-2019,1562803200,634787
,,
12-07-2019,1562889600,414775
,,
13-07-2019,1562976000,325832
,,
14-07-2019,1563062400,374915
,,
15-07-2019,1563148800,439144
,,
16-07-2019,1563235200,710256
,,
17-07-2019,1563321600,527516
,,
18-07-2019,1563408000,394262
,,
19-07-2019,1563494400,588067
,,
20-07-2019,1563580800,476458
,,
21-07-2019,1563667200,382260
,,
22-07-2019,1563753600,439923
,,
23-07-2019,1563840000,401105
,,
24-07-2019,1563926400,649104
,,
25-07-2019,1564012800,738952
,,
26-07-2019,1564099200,452319
,,
27-07-2019,1564185600,370195
,,
28-07-2019,1564272000,420876
,,
29-07-2019,1564358400,388084
,,
30-07-2019,1564444800,396732
,,
31-07-2019,1564531200,469935
,,
01-08-2019,1564617600,629037
,,
02-08-2019,1564704000,525894
,,
03-08-2019,1564790400,542085
,,
04-08-2019,1564876800,406690
,,
05-08-2019,1564963200,435381
,,
06-08-2019,1565049600,419206
,,
07-08-2019,1565136000,471888
,,
08-08-2019,1565222400,532040
,,
09-08-2019,1565308800,453939
,,
10-08-2019,1565395200,364099
,,
11-08-2019,1565481600,325984
,,
12-08-2019,1565568000,419338
,,
13-08-2019,1565654400,419155
,,
14-08-2019,1565740800,415500
,,
15-08-2019,1565827200,396836
,,
16-08-2019,1565913600,431346
,,
17-08-2019,1566000000,388555
,,
18-08-2019,1566086400,376579
,,
19-08-2019,1566172800,432247
,,
20-08-2019,1566259200,437246
,,
21-08-2019,1566345600,461021
,,
22-08-2019,1566432000,447824
,,
23-08-2019,1566518400,448374
,,
24-08-2019,1566604800,410952
,,
25-08-2019,1566691200,429949
,,
26-08-2019,1566777600,446151
,,
27-08-2019,1566864000,470872
,,
28-08-2019,1566950400,431219
,,
29-08-2019,1567036800,435426
,,
30-08-2019,1567123200,450518
,,
31-08-2019,1567209600,422366
,,
01-09-2019,1567296000,435149
,,
02-09-2019,1567382400,459161
,,
03-09-2019,1567468800,456546
,,
04-09-2019,1567555200,459338
,,
05-09-2019,1567641600,472840
,,
06-09-2019,1567728000,464042
,,
07-09-2019,1567814400,415984
,,
08-09-2019,1567900800,423009
,,
09-09-2019,1567987200,473428
,,
10-09-2019,1568073600,416121
,,
11-09-2019,1568160000,415999
,,
12-09-2019,1568246400,443881
,,
13-09-2019,1568332800,379468
,,
14-09-2019,1568419200,384653
,,
15-09-2019,1568505600,368022
,,
16-09-2019,1568592000,431494
,,
17-09-2019,1568678400,408000
,,
18-09-2019,1568764800,407914
,,
19-09-2019,1568851200,411236
,,
20-09-2019,1568937600,424953
,,
21-09-2019,1569024000,335591
,,
22-09-2019,1569110400,331726
,,
23-09-2019,1569196800,387685
,,
24-09-2019,1569283200,415267
,,
25-09-2019,1569369600,387690
,,
26-09-2019,1569456000,375216
,,
27-09-2019,1569542400,382874
,,
28-09-2019,1569628800,358931
,,
29-09-2019,1569715200,337290
,,
30-09-2019,1569801600,395222
,,
01-10-2019,1569888000,450722
,,
02-10-2019,1569974400,521071
,,
03-10-2019,1570060800,527876
,,
04-10-2019,1570147200,542328
,,
05-10-2019,1570233600,362531
,,
06-10-2019,1570320000,554835
,,
07-10-2019,1570406400,437015
,,
08-10-2019,1570492800,464679
,,
09-10-2019,1570579200,502235
,,
10-10-2019,1570665600,449708
,,
11-10-2019,1570752000,460189
,,
12-10-2019,1570838400,430362
,,
13-10-2019,1570924800,359455
,,
14-10-2019,1571011200,453676
,,
15-10-2019,1571097600,444098
,,
16-10-2019,1571184000,470877
,,
17-10-2019,1571270400,467584
,,
18-10-2019,1571356800,478931
,,
19-10-2019,1571443200,415711
,,
20-10-2019,1571529600,405234
,,
21-10-2019,1571616000,460519
,,
22-10-2019,1571702400,493948
,,
23-10-2019,1571788800,500347
,,
24-10-2019,1571875200,485860
,,
25-10-2019,1571961600,463776
,,
26-10-2019,1572048000,450061
,,
27-10-2019,1572134400,421348
,,
28-10-2019,1572220800,464255
,,
29-10-2019,1572307200,443396
,,
30-10-2019,1572393600,471237
,,
31-10-2019,1572480000,513774
,,
01-11-2019,1572566400,470965
,,
02-11-2019,1572652800,360540
,,
03-11-2019,1572739200,356653
,,
04-11-2019,1572825600,425304
,,
05-11-2019,1572912000,450284
,,
06-11-2019,1572998400,445169
,,
07-11-2019,1573084800,506911
,,
08-11-2019,1573171200,431770
,,
09-11-2019,1573257600,358884
,,
10-11-2019,1573344000,375401
,,
11-11-2019,1573430400,463906
,,
12-11-2019,1573516800,439524
,,
13-11-2019,1573603200,461155
,,
14-11-2019,1573689600,449427
,,
15-11-2019,1573776000,455743
,,
16-11-2019,1573862400,379056
,,
17-11-2019,1573948800,380209
,,
18-11-2019,1574035200,477720
,,
19-11-2019,1574121600,496384
,,
20-11-2019,1574208000,442749
,,
21-11-2019,1574294400,502016
,,
22-11-2019,1574380800,485853
,,
23-11-2019,1574467200,397958
,,
24-11-2019,1574553600,393177
,,
25-11-2019,1574640000,482402
,,
26-11-2019,1574726400,443883
,,
27-11-2019,1574812800,587688
,,
28-11-2019,1574899200,731422
,,
29-11-2019,1574985600,489936
,,
30-11-2019,1575072000,501153
,,
01-12-2019,1575158400,505746
,,
02-12-2019,1575244800,524586
,,
03-12-2019,1575331200,502134
,,
04-12-2019,1575417600,539671
,,
05-12-2019,1575504000,464502
,,
06-12-2019,1575590400,383231
,,
07-12-2019,1575676800,356588
,,
08-12-2019,1575763200,499871
,,
09-12-2019,1575849600,520702
,,
10-12-2019,1575936000,518485
,,
11-12-2019,1576022400,417819
,,
12-12-2019,1576108800,437543
,,
13-12-2019,1576195200,410534
,,
14-12-2019,1576281600,366696
,,
15-12-2019,1576368000,352143
,,
16-12-2019,1576454400,419466
,,
17-12-2019,1576540800,416001
,,
18-12-2019,1576627200,433571
,,
19-12-2019,1576713600,406347
,,
20-12-2019,1576800000,396702
,,
21-12-2019,1576886400,340489
,,
22-12-2019,1576972800,343938
,,
23-12-2019,1577059200,408214
,,
24-12-2019,1577145600,395148
,,
25-12-2019,1577232000,368050
,,
26-12-2019,1577318400,371615
,,
27-12-2019,1577404800,387324
,,
28-12-2019,1577491200,316871
,,
29-12-2019,1577577600,291725
,,
30-12-2019,1577664000,372473
,,
31-12-2019,1577750400,354158
,,
01-01-2020,1577836800,313994
,,
02-01-2020,1577923200,323634
,,
03-01-2020,1578009600,389155
,,
04-01-2020,1578096000,385273
,,
05-01-2020,1578182400,363602
,,
06-01-2020,1578268800,395584
,,
07-01-2020,1578355200,416792
,,
08-01-2020,1578441600,493641
,,
09-01-2020,1578528000,380016
,,
10-01-2020,1578614400,402082
,,
11-01-2020,1578700800,334388
,,
12-01-2020,1578787200,299541
,,
13-01-2020,1578873600,542722
,,
14-01-2020,1578960000,438113
,,
15-01-2020,1579046400,428269
,,
16-01-2020,1579132800,440047
,,
17-01-2020,1579219200,421765
,,
18-01-2020,1579305600,463615
,,
19-01-2020,1579392000,394379
,,
20-01-2020,1579478400,373950
,,
21-01-2020,1579564800,350193
,,
22-01-2020,1579651200,336909
,,
23-01-2020,1579737600,349849
,,
24-01-2020,1579824000,367422
,,
25-01-2020,1579910400,297599
,,
26-01-2020,1579996800,278438
,,
27-01-2020,1580083200,327636
,,
28-01-2020,1580169600,353829
,,
29-01-2020,1580256000,348115
,,
30-01-2020,1580342400,392940
,,
31-01-2020,1580428800,444595
,,
01-02-2020,1580515200,364269
,,
02-02-2020,1580601600,341383
,,
03-02-2020,1580688000,379943
,,
04-02-2020,1580774400,314394
,,
05-02-2020,1580860800,348390
,,
06-02-2020,1580947200,350457
,,
07-02-2020,1581033600,372901
,,
08-02-2020,1581120000,425339
,,
09-02-2020,1581206400,406996
,,
10-02-2020,1581292800,473775
,,
11-02-2020,1581379200,422894
,,
12-02-2020,1581465600,518402
,,
13-02-2020,1581552000,556180
,,
14-02-2020,1581638400,600124
,,
15-02-2020,1581724800,435203
,,
16-02-2020,1581811200,394560
,,
17-02-2020,1581897600,450066
,,
18-02-2020,1581984000,443449
,,
19-02-2020,1582070400,424145
,,
20-02-2020,1582156800,426777
,,
21-02-2020,1582243200,430391
,,
22-02-2020,1582329600,369824
,,
23-02-2020,1582416000,316394
,,
24-02-2020,1582502400,394549
,,
25-02-2020,1582588800,383983
,,
26-02-2020,1582675200,430310
,,
27-02-2020,1582761600,412349
,,
28-02-2020,1582848000,407826
,,
29-02-2020,1582934400,377592
,,
01-03-2020,1583020800,370776
,,
02-03-2020,1583107200,403973
,,
03-03-2020,1583193600,382499
,,
04-03-2020,1583280000,394981
,,
05-03-2020,1583366400,463419
,,
06-03-2020,1583452800,400702
,,
07-03-2020,1583539200,376415
,,
08-03-2020,1583625600,393864
,,
09-03-2020,1583712000,464016
,,
10-03-2020,1583798400,488703
,,
11-03-2020,1583884800,457920
,,
12-03-2020,1583971200,450402
,,
13-03-2020,1584057600,488233
,,
14-03-2020,1584144000,452146
,,
15-03-2020,1584230400,407092
,,
16-03-2020,1584316800,469337
,,
17-03-2020,1584403200,479446
,,
18-03-2020,1584489600,501256
,,
19-03-2020,1584576000,595629
,,
20-03-2020,1584662400,539822
,,
21-03-2020,1584748800,580358
,,
22-03-2020,1584835200,515565
,,
23-03-2020,1584921600,528831
,,
24-03-2020,1585008000,554943
,,
25-03-2020,1585094400,500271
,,
26-03-2020,1585180800,486846
,,
27-03-2020,1585267200,459891
,,
28-03-2020,1585353600,407411
,,
29-03-2020,1585440000,371600
,,
30-03-2020,1585526400,441385
,,
31-03-2020,1585612800,463038
,,
01-04-2020,1585699200,482502
,,
02-04-2020,1585785600,453414
,,
03-04-2020,1585872000,433983
,,
04-04-2020,1585958400,375490
,,
05-04-2020,1586044800,375144
,,
06-04-2020,1586131200,448475
,,
07-04-2020,1586217600,455244
,,
08-04-2020,1586304000,457764
,,
09-04-2020,1586390400,455486
,,
10-04-2020,1586476800,516158
,,
11-04-2020,1586563200,782245
,,
12-04-2020,1586649600,729741
,,
13-04-2020,1586736000,570940
,,
14-04-2020,1586822400,577885
,,
15-04-2020,1586908800,626190
,,
16-04-2020,1586995200,605467
,,
17-04-2020,1587081600,610638
,,
18-04-2020,1587168000,427441
,,
19-04-2020,1587254400,452254
,,
20-04-2020,1587340800,533299
,,
21-04-2020,1587427200,491969
,,
22-04-2020,1587513600,501133
,,
23-04-2020,1587600000,466434
,,
24-04-2020,1587686400,492031
,,
25-04-2020,1587772800,452612
,,
26-04-2020,1587859200,435910
,,
27-04-2020,1587945600,474806
,,
28-04-2020,1588032000,498742
,,
29-04-2020,1588118400,487504
,,
30-04-2020,1588204800,456446
,,
01-05-2020,1588291200,429486
,,
02-05-2020,1588377600,436420
,,
03-05-2020,1588464000,406693
,,
04-05-2020,1588550400,665359
,,
05-05-2020,1588636800,476837
,,
06-05-2020,1588723200,853413
,,
07-05-2020,1588809600,1370266
,,
08-05-2020,1588896000,489429
,,
09-05-2020,1588982400,482854
,,
10-05-2020,1589068800,444205
,,
11-05-2020,1589155200,472008
,,
12-05-2020,1589241600,468060
,,
13-05-2020,1589328000,450821
,,
14-05-2020,1589414400,475016
,,
15-05-2020,1589500800,519038
,,
16-05-2020,1589587200,493251
,,
17-05-2020,1589673600,455396
,,
18-05-2020,1589760000,503686
,,
19-05-2020,1589846400,483110
,,
20-05-2020,1589932800,494345
,,
21-05-2020,1590019200,459940
,,
22-05-2020,1590105600,504740
,,
23-05-2020,1590192000,474949
,,
24-05-2020,1590278400,438448
,,
25-05-2020,1590364800,493044
,,
26-05-2020,1590451200,486543
,,
27-05-2020,1590537600,482264
,,
28-05-2020,1590624000,492060
,,
29-05-2020,1590710400,499509
,,
30-05-2020,1590796800,460933
,,
31-05-2020,1590883200,463271
,,
01-06-2020,1590969600,499801
,,
02-06-2020,1591056000,529945
,,
03-06-2020,1591142400,484729
,,
04-06-2020,1591228800,508151
,,
05-06-2020,1591315200,486211
,,
06-06-2020,1591401600,557473
,,
07-06-2020,1591488000,573222
,,
08-06-2020,1591574400,535339
,,
09-06-2020,1591660800,517044
,,
10-06-2020,1591747200,514404
,,
11-06-2020,1591833600,491277
,,
12-06-2020,1591920000,515655
,,
13-06-2020,1592006400,471643
,,
14-06-2020,1592092800,463063
,,
15-06-2020,1592179200,514653
,,
16-06-2020,1592265600,514563
,,
17-06-2020,1592352000,529859
,,
18-06-2020,1592438400,529846
,,
19-06-2020,1592524800,572897
,,
20-06-2020,1592611200,547762
,,
21-06-2020,1592697600,559428
,,
22-06-2020,1592784000,634837
,,
23-06-2020,1592870400,659346
,,
24-06-2020,1592956800,584545
,,
25-06-2020,1593043200,544169
,,
26-06-2020,1593129600,570798
,,
27-06-2020,1593216000,547007
,,
28-06-2020,1593302400,535941
,,
29-06-2020,1593388800,559913
,,
30-06-2020,1593475200,570953
,,
01-07-2020,1593561600,568406
,,
02-07-2020,1593648000,596188
,,
03-07-2020,1593734400,590844
,,
04-07-2020,1593820800,544421
,,
05-07-2020,1593907200,492667
,,
06-07-2020,1593993600,586049
,,
07-07-2020,1594080000,594732
,,
08-07-2020,1594166400,629970
,,
09-07-2020,1594252800,613391
,,
10-07-2020,1594339200,573716
,,
11-07-2020,1594425600,528691
,,
12-07-2020,1594512000,559093
,,
13-07-2020,1594598400,659918
,,
14-07-2020,1594684800,627006
,,
15-07-2020,1594771200,571263
,,
16-07-2020,1594857600,543190
,,
17-07-2020,1594944000,582189
,,
18-07-2020,1595030400,602926
,,
19-07-2020,1595116800,633438
,,
20-07-2020,1595203200,673343
,,
21-07-2020,1595289600,660325
,,
22-07-2020,1595376000,652397
,,
23-07-2020,1595462400,646703
,,
24-07-2020,1595548800,670674
,,
25-07-2020,1595635200,677550
,,
26-07-2020,1595721600,650173
,,
27-07-2020,1595808000,708791
,,
28-07-2020,1595894400,677661
,,
29-07-2020,1595980800,668519
,,
30-07-2020,1596067200,693366
,,
31-07-2020,1596153600,726870
,,
01-08-2020,1596240000,704662
,,
02-08-2020,1596326400,654478
,,
03-08-2020,1596412800,701438
,,
04-08-2020,1596499200,676166
,,
05-08-2020,1596585600,683130
,,
06-08-2020,1596672000,687868
,,
07-08-2020,1596758400,738711
,,
08-08-2020,1596844800,717674
,,
09-08-2020,1596931200,772604
,,
10-08-2020,1597017600,825333
,,
11-08-2020,1597104000,794248
,,
12-08-2020,1597190400,787084
,,
13-08-2020,1597276800,777824
,,
14-08-2020,1597363200,758913
,,
15-08-2020,1597449600,718154
,,
16-08-2020,1597536000,725333
,,
17-08-2020,1597622400,770494
,,
18-08-2020,1597708800,823354
,,
19-08-2020,1597795200,798076
,,
20-08-2020,1597881600,803562
,,
21-08-2020,1597968000,843942
,,
22-08-2020,1598054400,757154
,,
23-08-2020,1598140800,795007
,,
24-08-2020,1598227200,860096
,,
25-08-2020,1598313600,806092
,,
26-08-2020,1598400000,826240
,,
27-08-2020,1598486400,810725
,,
28-08-2020,1598572800,835637
,,
29-08-2020,1598659200,863889
,,
30-08-2020,1598745600,876757
,,
31-08-2020,1598832000,949155
,,
01-09-2020,1598918400,978688
,,
02-09-2020,1599004800,998753
,,
03-09-2020,1599091200,986426
,,
04-09-2020,1599177600,914460
,,
05-09-2020,1599264000,897740
,,
06-09-2020,1599350400,836061
,,
07-09-2020,1599436800,845539
,,
08-09-2020,1599523200,846538
,,
09-09-2020,1599609600,882500
,,
10-09-2020,1599696000,968679
,,
11-09-2020,1599782400,973608
,,
12-09-2020,1599868800,943188
,,
13-09-2020,1599955200,963404
,,
14-09-2020,1600041600,987395
,,
15-09-2020,1600128000,981865
,,
16-09-2020,1600214400,963869
,,
17-09-2020,1600300800,969820
,,
18-09-2020,1600387200,999369
,,
19-09-2020,1600473600,978819
,,
20-09-2020,1600560000,970932
,,
21-09-2020,1600646400,940495
,,
22-09-2020,1600732800,945719
,,
23-09-2020,1600819200,933479
,,
24-09-2020,1600905600,902284
,,
25-09-2020,1600992000,888034
,,
26-09-2020,1601078400,877127
,,
27-09-2020,1601164800,846923
,,
28-09-2020,1601251200,893960
,,
29-09-2020,1601337600,929463
,,
30-09-2020,1601424000,958913
,,
01-10-2020,1601510400,872258
,,
02-10-2020,1601596800,857632
,,
03-10-2020,1601683200,852085
,,
04-10-2020,1601769600,862958
,,
05-10-2020,1601856000,929214
,,
06-10-2020,1601942400,946355
,,
07-10-2020,1602028800,919912
,,
08-10-2020,1602115200,901236
,,
09-10-2020,1602201600,920272
,,
10-10-2020,1602288000,891639
,,
11-10-2020,1602374400,887063
,,
12-10-2020,1602460800,942638
,,
13-10-2020,1602547200,945979
,,
14-10-2020,1602633600,925357
,,
15-10-2020,1602720000,938860
,,
16-10-2020,1602806400,897951
,,
17-10-2020,1602892800,884121
,,
18-10-2020,1602979200,878575
,,
19-10-2020,1603065600,982336
,,
20-10-2020,1603152000,959605
,,
21-10-2020,1603238400,989882
,,
22-10-2020,1603324800,969757
,,
23-10-2020,1603411200,926391
,,
24-10-2020,1603497600,866814
,,
25-10-2020,1603584000,855745
,,
26-10-2020,1603670400,924530
,,
27-10-2020,1603756800,940074
,,
28-10-2020,1603843200,953164
,,
29-10-2020,1603929600,967085
,,
30-10-2020,1604016000,931888
,,
31-10-2020,1604102400,938257
,,
01-11-2020,1604188800,913350
,,
02-11-2020,1604275200,934755
,,
03-11-2020,1604361600,967398
,,
04-11-2020,1604448000,888464
,,
05-11-2020,1604534400,905364
,,
06-11-2020,1604620800,926431
,,
07-11-2020,1604707200,896602
,,
08-11-2020,1604793600,848151
,,
09-11-2020,1604880000,923181
,,
10-11-2020,1604966400,949592
,,
11-11-2020,1605052800,875907
,,
12-11-2020,1605139200,909409
,,
13-11-2020,1605225600,929992
,,
14-11-2020,1605312000,853355
,,
15-11-2020,1605398400,873338
,,
16-11-2020,1605484800,915263
,,
17-11-2020,1605571200,941284
,,
18-11-2020,1605657600,854947
,,
19-11-2020,1605744000,895207
,,
20-11-2020,1605830400,893861
,,
21-11-2020,1605916800,913780
,,
22-11-2020,1606003200,887030
,,
23-11-2020,1606089600,923403
,,
24-11-2020,1606176000,905207
,,
25-11-2020,1606262400,883838
,,
26-11-2020,1606348800,853978
,,
27-11-2020,1606435200,830196
,,
28-11-2020,1606521600,762473
,,
29-11-2020,1606608000,748165
,,
30-11-2020,1606694400,874706
,,
01-12-2020,1606780800,861434
,,
02-12-2020,1606867200,868884
,,
03-12-2020,1606953600,889930
,,
04-12-2020,1607040000,900383
,,
05-12-2020,1607126400,843820
,,
06-12-2020,1607212800,872536
,,
07-12-2020,1607299200,913856
,,
08-12-2020,1607385600,911670
,,
09-12-2020,1607472000,928659
,,
10-12-2020,1607558400,901195
,,
11-12-2020,1607644800,889686
,,
12-12-2020,1607731200,863433
,,
13-12-2020,1607817600,861110
,,
14-12-2020,1607904000,944861
,,
15-12-2020,1607990400,958462
,,
16-12-2020,1608076800,957194
,,
17-12-2020,1608163200,921579
,,
18-12-2020,1608249600,920804
,,
19-12-2020,1608336000,891097
,,
20-12-2020,1608422400,913631
,,
21-12-2020,1608508800,930165
,,
22-12-2020,1608595200,927322
,,
23-12-2020,1608681600,930937
,,
24-12-2020,1608768000,881551
,,
25-12-2020,1608854400,904308
,,
26-12-2020,1608940800,897680
,,
27-12-2020,1609027200,874902
,,
28-12-2020,1609113600,934961
,,
29-12-2020,1609200000,914917
,,
30-12-2020,1609286400,924589
,,
31-12-2020,1609372800,915403
,,
01-01-2021,1609459200,902125
,,
02-01-2021,1609545600,924703
,,
03-01-2021,1609632000,851089
,,
04-01-2021,1609718400,777590
,,
05-01-2021,1609804800,838580
,,
06-01-2021,1609891200,848603
,,
07-01-2021,1609977600,808651
,,
08-01-2021,1610064000,814561
,,
09-01-2021,1610150400,832816
,,
10-01-2021,1610236800,820047
,,
11-01-2021,1610323200,757100
,,
12-01-2021,1610409600,807354
,,
13-01-2021,1610496000,803117
,,
14-01-2021,1610582400,854434
,,
15-01-2021,1610668800,842726
,,
16-01-2021,1610755200,847649
,,
17-01-2021,1610841600,851298
,,
18-01-2021,1610928000,902839
,,
19-01-2021,1611014400,844361
,,
20-01-2021,1611100800,831413
,,
21-01-2021,1611187200,811609
,,
22-01-2021,1611273600,800820
,,
23-01-2021,1611360000,844960
,,
24-01-2021,1611446400,849003
,,
25-01-2021,1611532800,883954
,,
26-01-2021,1611619200,855468
,,
27-01-2021,1611705600,866040
,,
28-01-2021,1611792000,879431
,,
29-01-2021,1611878400,858340
,,
30-01-2021,1611964800,838594
,,
31-01-2021,1612051200,889923
,,
01-02-2021,1612137600,879857
,,
02-02-2021,1612224000,864232
,,
03-02-2021,1612310400,858657
,,
04-02-2021,1612396800,839784
,,
05-02-2021,1612483200,847405
,,
06-02-2021,1612569600,829515
,,
07-02-2021,1612656000,840017
,,
08-02-2021,1612742400,833493
,,
09-02-2021,1612828800,849049
,,
10-02-2021,1612915200,838729
,,
11-02-2021,1613001600,839375
,,
12-02-2021,1613088000,859865
,,
13-02-2021,1613174400,849809
,,
14-02-2021,1613260800,853722
,,
15-02-2021,1613347200,836615
,,
16-02-2021,1613433600,805200
,,
17-02-2021,1613520000,840625
,,
18-02-2021,1613606400,860018
,,
19-02-2021,1613692800,842208
,,
20-02-2021,1613779200,837065
,,
21-02-2021,1613865600,817649
,,
22-02-2021,1613952000,800504
,,
23-02-2021,1614038400,738571
,,
24-02-2021,1614124800,801522
,,
25-02-2021,1614211200,797097
,,
26-02-2021,1614297600,782292
,,
27-02-2021,1614384000,764982
,,
28-02-2021,1614470400,773850
,,
01-03-2021,1614556800,799735
,,
02-03-2021,1614643200,794399
,,
03-03-2021,1614729600,823585
,,
04-03-2021,1614816000,823779
,,
05-03-2021,1614902400,818139
,,
06-03-2021,1614988800,772472
,,
07-03-2021,1615075200,827363
,,
08-03-2021,1615161600,843648
,,
09-03-2021,1615248000,855846
,,
10-03-2021,1615334400,850924
,,
11-03-2021,1615420800,834936
,,
12-03-2021,1615507200,842462
,,
13-03-2021,1615593600,821828
,,
14-03-2021,1615680000,839830
,,
15-03-2021,1615766400,851233
,,
16-03-2021,1615852800,847805
,,
17-03-2021,1615939200,809819
,,
18-03-2021,1616025600,802716
,,
19-03-2021,1616112000,852011
,,
20-03-2021,1616198400,824277
,,
21-03-2021,1616284800,786493
,,
22-03-2021,1616371200,858256
,,
23-03-2021,1616457600,860115
,,
24-03-2021,1616544000,859106
,,
25-03-2021,1616630400,839189
,,
26-03-2021,1616716800,825898
,,
27-03-2021,1616803200,831146
,,
28-03-2021,1616889600,809759
,,
29-03-2021,1616976000,859856
,,
30-03-2021,1617062400,865558
,,
31-03-2021,1617148800,872051
,,
01-04-2021,1617235200,887161
,,
02-04-2021,1617321600,872953
,,
03-04-2021,1617408000,846382
,,
04-04-2021,1617494400,828827
,,
05-04-2021,1617580800,858191
,,
06-04-2021,1617667200,892560
,,
07-04-2021,1617753600,887469
,,
08-04-2021,1617840000,867995
,,
09-04-2021,1617926400,866488
,,
10-04-2021,1618012800,852569
,,
11-04-2021,1618099200,846517
,,
12-04-2021,1618185600,892600
,,
13-04-2021,1618272000,901504
,,
14-04-2021,1618358400,919731
,,
15-04-2021,1618444800,881911
,,
16-04-2021,1618531200,888966
,,
17-04-2021,1618617600,908438
,,
18-04-2021,1618704000,915104
,,
19-04-2021,1618790400,903992
,,
20-04-2021,1618876800,924863
,,
21-04-2021,1618963200,987773
,,
22-04-2021,1619049600,1050568
,,
23-04-2021,1619136000,1054691
,,
24-04-2021,1619222400,914207
,,
25-04-2021,1619308800,938826
,,
26-04-2021,1619395200,1004827
,,
27-04-2021,1619481600,1000936
,,
28-04-2021,1619568000,1028966
,,
29-04-2021,1619654400,1057970
,,
30-04-2021,1619740800,1060773
,,
01-05-2021,1619827200,1018030
,,
02-05-2021,1619913600,1015782
,,
03-05-2021,1620000000,1023094
,,
04-05-2021,1620086400,1063508
,,
05-05-2021,1620172800,1054799
,,
06-05-2021,1620259200,1051941
,,
07-05-2021,1620345600,1058334
,,
08-05-2021,1620432000,1071317
,,
09-05-2021,1620518400,1068958
,,
10-05-2021,1620604800,1076283
,,
11-05-2021,1620691200,1005843
,,
12-05-2021,1620777600,1018519
,,
13-05-2021,1620864000,1049146
,,
14-05-2021,1620950400,1026317
,,
15-05-2021,1621036800,1055733
,,
16-05-2021,1621123200,1013253
,,
17-05-2021,1621209600,1063518
,,
18-05-2021,1621296000,1062409
,,
19-05-2021,1621382400,1033560
,,
20-05-2021,1621468800,1029400
,,
21-05-2021,1621555200,1009485
,,
22-05-2021,1621641600,962530
,,
23-05-2021,1621728000,999340
,,
24-05-2021,1621814400,1026580
,,
25-05-2021,1621900800,1014364
,,
26-05-2021,1621987200,1013917
,,
27-05-2021,1622073600,941153
,,
28-05-2021,1622160000,1307369
,,
29-05-2021,1622246400,1024753
,,
30-05-2021,1622332800,1031339
,,
31-05-2021,1622419200,987038
,,
01-06-2021,1622505600,959702
,,
02-06-2021,1622592000,993976
,,
03-06-2021,1622678400,999616
,,
04-06-2021,1622764800,990889
,,
05-06-2021,1622851200,896207
,,
06-06-2021,1622937600,883691
,,
07-06-2021,1623024000,999366
,,
08-06-2021,1623110400,1004447
,,
09-06-2021,1623196800,961531
,,
10-06-2021,1623283200,967229
,,
11-06-2021,1623369600,979914
,,
12-06-2021,1623456000,946175
,,
13-06-2021,1623542400,884794
,,
14-06-2021,1623628800,941629
,,
15-06-2021,1623715200,1000784
,,
16-06-2021,1623801600,985814
,,
17-06-2021,1623888000,1010293
,,
18-06-2021,1623974400,977730
,,
19-06-2021,1624060800,895905
,,
20-06-2021,1624147200,903236
,,
21-06-2021,1624233600,979850
,,
22-06-2021,1624320000,1033026
,,
23-06-2021,1624406400,998491
,,
24-06-2021,1624492800,953631
,,
25-06-2021,1624579200,979147
,,
26-06-2021,1624665600,946817
,,
27-06-2021,1624752000,835266
,,
28-06-2021,1624838400,939953
,,
29-06-2021,1624924800,983205
,,
30-06-2021,1625011200,933858
,,
01-07-2021,1625097600,940459
,,
02-07-2021,1625184000,950272
,,
03-07-2021,1625270400,924085
,,
04-07-2021,1625356800,918361
,,
05-07-2021,1625443200,934117
,,
06-07-2021,1625529600,1095678
,,
07-07-2021,1625616000,1059671
,,
08-07-2021,1625702400,1042905
,,
09-07-2021,1625788800,1068038
,,
10-07-2021,1625875200,1024850
,,
11-07-2021,1625961600,958610
,,
12-07-2021,1626048000,1003283
,,
13-07-2021,1626134400,974273
,,
14-07-2021,1626220800,966802
,,
15-07-2021,1626307200,987724
,,
16-07-2021,1626393600,897977
,,
17-07-2021,1626480000,928023
,,
18-07-2021,1626566400,935148
,,
19-07-2021,1626652800,930966
,,
20-07-2021,1626739200,953858
,,
21-07-2021,1626825600,953916
,,
22-07-2021,1626912000,889664
,,
23-07-2021,1626998400,903952
,,
24-07-2021,1627084800,945398
,,
25-07-2021,1627171200,860654
,,
26-07-2021,1627257600,988586
,,
27-07-2021,1627344000,839903
,,
28-07-2021,1627430400,814999
,,
29-07-2021,1627516800,908480
,,
30-07-2021,1627603200,918467
,,
31-07-2021,1627689600,883653
,,
01-08-2021,1627776000,844536
,,
02-08-2021,1627862400,862462
,,
03-08-2021,1627948800,802086
,,
04-08-2021,1628035200,850252
,,
05-08-2021,1628121600,771565
,,
06-08-2021,1628208000,788011
,,
07-08-2021,1628294400,794687
,,
08-08-2021,1628380800,791153
,,
09-08-2021,1628467200,774422
,,
10-08-2021,1628553600,745957
,,
11-08-2021,1628640000,810510
,,
12-08-2021,1628726400,800349
,,
13-08-2021,1628812800,747003
,,
14-08-2021,1628899200,750349
,,
15-08-2021,1628985600,700465
,,
16-08-2021,1629072000,783253
,,
17-08-2021,1629158400,834600
,,
18-08-2021,1629244800,825878
,,
19-08-2021,1629331200,867180
,,
20-08-2021,1629417600,880567
,,
21-08-2021,1629504000,802662
,,
22-08-2021,1629590400,800648
,,
23-08-2021,1629676800,780617
,,
24-08-2021,1629763200,713140
,,
25-08-2021,1629849600,657925
,,
26-08-2021,1629936000,675994
,,
27-08-2021,1630022400,594663
,,
28-08-2021,1630108800,589364
,,
29-08-2021,1630195200,586716
,,
30-08-2021,1630281600,638596
,,
31-08-2021,1630368000,637678
,,
01-09-2021,1630454400,630799
,,
02-09-2021,1630540800,663891
,,
03-09-2021,1630627200,564045
,,
04-09-2021,1630713600,545343
,,
05-09-2021,1630800000,567409
,,
06-09-2021,1630886400,625803
,,
07-09-2021,1630972800,730007
,,
08-09-2021,1631059200,684087
,,
09-09-2021,1631145600,660373
,,
10-09-2021,1631232000,726895
,,
11-09-2021,1631318400,741203
,,
12-09-2021,1631404800,707823
,,
13-09-2021,1631491200,695615
,,
14-09-2021,1631577600,754885
,,
15-09-2021,1631664000,729581
,,
16-09-2021,1631750400,792402
,,
17-09-2021,1631836800,795446
,,
18-09-2021,1631923200,670126
,,
19-09-2021,1632009600,692879
,,
20-09-2021,1632096000,722335
,,
21-09-2021,1632182400,690858
,,
22-09-2021,1632268800,731745
,,
23-09-2021,1632355200,652808
,,
24-09-2021,1632441600,672935
,,
25-09-2021,1632528000,643728
,,
26-09-2021,1632614400,626556
,,
27-09-2021,1632700800,598930
,,
28-09-2021,1632787200,585061
,,
29-09-2021,1632873600,626371
,,
30-09-2021,1632960000,604008
,,
01-10-2021,1633046400,642498
,,
02-10-2021,1633132800,632862
,,
03-10-2021,1633219200,610390
,,
04-10-2021,1633305600,598489
,,
05-10-2021,1633392000,665320
,,
06-10-2021,1633478400,658259
,,
07-10-2021,1633564800,767392
,,
08-10-2021,1633651200,687490
,,
09-10-2021,1633737600,686958
,,
10-10-2021,1633824000,674646
,,
11-10-2021,1633910400,712166
,,
12-10-2021,1633996800,765226
,,
13-10-2021,1634083200,719538
,,
14-10-2021,1634169600,738720
,,
15-10-2021,1634256000,780174
,,
16-10-2021,1634342400,709327
,,
17-10-2021,1634428800,695256
,,
18-10-2021,1634515200,737314
,,
19-10-2021,1634601600,787068
,,
20-10-2021,1634688000,820244
,,
21-10-2021,1634774400,776655
,,
22-10-2021,1634860800,778958
,,
23-10-2021,1634947200,754063
,,
24-10-2021,1635033600,829943
,,
25-10-2021,1635120000,851070
,,
26-10-2021,1635206400,914738
,,
27-10-2021,1635292800,937894
,,
28-10-2021,1635379200,990204
,,
29-10-2021,1635465600,973196
,,
30-10-2021,1635552000,976476
,,
31-10-2021,1635638400,934799
,,
01-11-2021,1635724800,902382
,,
02-11-2021,1635811200,957294
,,
03-11-2021,1635897600,994319
,,
04-11-2021,1635984000,982869
,,
05-11-2021,1636070400,904505
,,
06-11-2021,1636156800,871964
,,
07-11-2021,1636243200,908538
,,
08-11-2021,1636329600,922568
,,
09-11-2021,1636416000,892257
,,
10-11-2021,1636502400,916649
,,
11-11-2021,1636588800,912695
,,
12-11-2021,1636675200,950123
,,
13-11-2021,1636761600,850357
,,
14-11-2021,1636848000,846821
,,
15-11-2021,1636934400,825119
,,
16-11-2021,1637020800,869739
,,
17-11-2021,1637107200,823910
,,
18-11-2021,1637193600,865307
,,
19-11-2021,1637280000,807919
,,
20-11-2021,1637366400,781188
,,
21-11-2021,1637452800,870763
,,
22-11-2021,1637539200,748478
,,
23-11-2021,1637625600,809611
,,
24-11-2021,1637712000,898872
,,
25-11-2021,1637798400,908261
,,
26-11-2021,1637884800,910389
,,
27-11-2021,1637971200,784051
,,
28-11-2021,1638057600,706124
,,
29-11-2021,1638144000,744780
,,
30-11-2021,1638230400,794638
,,
01-12-2021,1638316800,735116
,,
02-12-2021,1638403200,845431
,,
03-12-2021,1638489600,831164
,,
04-12-2021,1638576000,852391
,,
05-12-2021,1638662400,690481
,,
06-12-2021,1638748800,793242
,,
07-12-2021,1638835200,758701
,,
08-12-2021,1638921600,762571
,,
09-12-2021,1639008000,766762
,,
10-12-2021,1639094400,773098
,,
11-12-2021,1639180800,707737
,,
12-12-2021,1639267200,668629
,,
13-12-2021,1639353600,720688
,,
14-12-2021,1639440000,720109
,,
15-12-2021,1639526400,761072
,,
16-12-2021,1639612800,641630
,,
17-12-2021,1639699200,681586
,,
18-12-2021,1639785600,669020
,,
19-12-2021,1639872000,710474
,,
20-12-2021,1639958400,737536
,,
21-12-2021,1640044800,726775
,,
22-12-2021,1640131200,717904
,,
23-12-2021,1640217600,747291
,,
24-12-2021,1640304000,830439
,,
25-12-2021,1640390400,896936
,,
26-12-2021,1640476800,751680
,,
27-12-2021,1640563200,730205
,,
28-12-2021,1640649600,720010
,,
29-12-2021,1640736000,766387
,,
30-12-2021,1640822400,707736
,,
31-12-2021,1640908800,727149
,,
01-01-2022,1640995200,606533
,,
02-01-2022,1641081600,599793
,,
03-01-2022,1641168000,660337
,,
04-01-2022,1641254400,632534
,,
05-01-2022,1641340800,684120
,,
06-01-2022,1641427200,680840
,,
07-01-2022,1641513600,644998
,,
08-01-2022,1641600000,583874
,,
09-01-2022,1641686400,452781
,,
10-01-2022,1641772800,651763
,,
11-01-2022,1641859200,674332
,,
12-01-2022,1641945600,649530
,,
13-01-2022,1642032000,606548
,,
14-01-2022,1642118400,601215
,,
15-01-2022,1642204800,547623
,,
16-01-2022,1642291200,537050
,,
17-01-2022,1642377600,609599
,,
18-01-2022,1642464000,601116
,,
19-01-2022,1642550400,618830
,,
20-01-2022,1642636800,633732
,,
21-01-2022,1642723200,719425
,,
22-01-2022,1642809600,762769
,,
23-01-2022,1642896000,613876
,,
24-01-2022,1642982400,671655
,,
25-01-2022,1643068800,581632
,,
26-01-2022,1643155200,601447
,,
27-01-2022,1643241600,549507
,,
28-01-2022,1643328000,568084
,,
29-01-2022,1643414400,516982
,,
30-01-2022,1643500800,519760
,,
31-01-2022,1643587200,540748
,,
01-02-2022,1643673600,534266
,,
02-02-2022,1643760000,528810
,,
03-02-2022,1643846400,521944
,,
04-02-2022,1643932800,583341
,,
05-02-2022,1644019200,577856
,,
06-02-2022,1644105600,592791
,,
07-02-2022,1644192000,627988
,,
08-02-2022,1644278400,646123
,,
09-02-2022,1644364800,686441
,,
10-02-2022,1644451200,656379
,,
11-02-2022,1644537600,703210
,,
12-02-2022,1644624000,668493
,,
13-02-2022,1644710400,631849
,,
14-02-2022,1644796800,616364
,,
15-02-2022,1644883200,647964
,,
16-02-2022,1644969600,612602
,,
17-02-2022,1645056000,622837
,,
18-02-2022,1645142400,582955
,,
19-02-2022,1645228800,546478
,,
20-02-2022,1645315200,566770
,,
21-02-2022,1645401600,529533
,,
22-02-2022,1645488000,598704
,,
23-02-2022,1645574400,567859
,,
24-02-2022,1645660800,780246
,,
25-02-2022,1645747200,582606
,,
26-02-2022,1645833600,575406
,,
27-02-2022,1645920000,591296
,,
28-02-2022,1646006400,631816
,,
01-03-2022,1646092800,680634
,,
02-03-2022,1646179200,653031
,,
03-03-2022,1646265600,653668
,,
04-03-2022,1646352000,671932
,,
05-03-2022,1646438400,630254
,,
06-03-2022,1646524800,625267
,,
07-03-2022,1646611200,686854
,,
08-03-2022,1646697600,732145
,,
09-03-2022,1646784000,750764
,,
10-03-2022,1646870400,792769
,,
11-03-2022,1646956800,665069
,,
12-03-2022,1647043200,640227
,,
13-03-2022,1647129600,633387
,,
14-03-2022,1647216000,691153
,,
15-03-2022,1647302400,715158
,,
16-03-2022,1647388800,773612
,,
17-03-2022,1647475200,737268
,,
18-03-2022,1647561600,714131
,,
19-03-2022,1647648000,762478
,,
20-03-2022,1647734400,679321
,,
21-03-2022,1647820800,696934
,,
22-03-2022,1647907200,685489
,,
23-03-2022,1647993600,712099
,,
24-03-2022,1648080000,703570
,,
25-03-2022,1648166400,686744
,,
26-03-2022,1648252800,705778
,,
27-03-2022,1648339200,689306
,,
28-03-2022,1648425600,832533
,,
29-03-2022,1648512000,837006
,,
30-03-2022,1648598400,796408
,,
31-03-2022,1648684800,756975
,,
01-04-2022,1648771200,759053
,,
02-04-2022,1648857600,786152
,,
03-04-2022,1648944000,710206
,,
04-04-2022,1649030400,691473
,,
05-04-2022,1649116800,678475
,,
06-04-2022,1649203200,692537
,,
07-04-2022,1649289600,604188
,,
08-04-2022,1649376000,592971
,,
09-04-2022,1649462400,628707
,,
10-04-2022,1649548800,560568
,,
11-04-2022,1649635200,680649
,,
12-04-2022,1649721600,629641
,,
13-04-2022,1649808000,608653
,,
14-04-2022,1649894400,604939
,,
15-04-2022,1649980800,628799
,,
16-04-2022,1650067200,567258
,,
17-04-2022,1650153600,624039
,,
18-04-2022,1650240000,674036
,,
19-04-2022,1650326400,599814
,,
20-04-2022,1650412800,585563
,,
21-04-2022,1650499200,596711
,,
22-04-2022,1650585600,626712
,,
23-04-2022,1650672000,587157
,,
24-04-2022,1650758400,577637
,,
25-04-2022,1650844800,641078
,,
26-04-2022,1650931200,635883
,,
27-04-2022,1651017600,596398
,,
28-04-2022,1651104000,639161
,,
29-04-2022,1651190400,704970
,,
30-04-2022,1651276800,702661
,,
01-05-2022,1651363200,530086
,,
02-05-2022,1651449600,554661
,,
03-05-2022,1651536000,503488
,,
04-05-2022,1651622400,599509
,,
05-05-2022,1651708800,621846
,,
06-05-2022,1651795200,563743
,,
07-05-2022,1651881600,580987
,,
08-05-2022,1651968000,714687
,,
09-05-2022,1652054400,732964
,,
10-05-2022,1652140800,744959
,,
11-05-2022,1652227200,880652
,,
12-05-2022,1652313600,876788
,,
13-05-2022,1652400000,795873
,,
14-05-2022,1652486400,775275
,,
15-05-2022,1652572800,697055
,,
16-05-2022,1652659200,658631
,,
17-05-2022,1652745600,550072
,,
18-05-2022,1652832000,612483
,,
19-05-2022,1652918400,600894
,,
20-05-2022,1653004800,530201
,,
21-05-2022,1653091200,449784
,,
22-05-2022,1653177600,450731
,,
23-05-2022,1653264000,563195
,,
24-05-2022,1653350400,510222
,,
25-05-2022,1653436800,511409
,,
26-05-2022,1653523200,498276
,,
27-05-2022,1653609600,511327
,,
28-05-2022,1653696000,508402
,,
29-05-2022,1653782400,452727
,,
30-05-2022,1653868800,479010
,,
31-05-2022,1653955200,458735
,,
01-06-2022,1654041600,482436
,,
02-06-2022,1654128000,361744
,,
03-06-2022,1654214400,374854
,,
04-06-2022,1654300800,332095
,,
05-06-2022,1654387200,324627
,,
06-06-2022,1654473600,416007
,,
07-06-2022,1654560000,447353
,,
08-06-2022,1654646400,380089
,,
09-06-2022,1654732800,379621
,,
10-06-2022,1654819200,452180
,,
11-06-2022,1654905600,487586
,,
12-06-2022,1654992000,540208
,,
13-06-2022,1655078400,741906
,,
14-06-2022,1655164800,652253
,,
15-06-2022,1655251200,676735
,,
16-06-2022,1655337600,562995
,,
17-06-2022,1655424000,501337
,,
18-06-2022,1655510400,598409
,,
19-06-2022,1655596800,567322
,,
20-06-2022,1655683200,576672
,,
21-06-2022,1655769600,519143
,,
22-06-2022,1655856000,503939
,,
23-06-2022,1655942400,484708
,,
24-06-2022,1656028800,504686
,,
25-06-2022,1656115200,428915
,,
26-06-2022,1656201600,391029
,,
27-06-2022,1656288000,423506
,,
28-06-2022,1656374400,480981
,,
29-06-2022,1656460800,485605
,,
30-06-2022,1656547200,522810
,,
01-07-2022,1656633600,604168
,,
02-07-2022,1656720000,557852
,,
03-07-2022,1656806400,467612
,,
04-07-2022,1656892800,533625
,,
05-07-2022,1656979200,561853
,,
06-07-2022,1657065600,554579
,,
07-07-2022,1657152000,562528
,,
08-07-2022,1657238400,547536
,,
09-07-2022,1657324800,532876
,,
10-07-2022,1657411200,471318
,,
11-07-2022,1657497600,592146
,,
12-07-2022,1657584000,585011
,,
13-07-2022,1657670400,631109
,,
14-07-2022,1657756800,594871
,,
15-07-2022,1657843200,554710
,,
16-07-2022,1657929600,720117
,,
17-07-2022,1658016000,489147
,,
18-07-2022,1658102400,671502
,,
19-07-2022,1658188800,741772
,,
20-07-2022,1658275200,681837
,,
21-07-2022,1658361600,638545
,,
22-07-2022,1658448000,660497
,,
23-07-2022,1658534400,573203
,,
24-07-2022,1658620800,631159
,,
25-07-2022,1658707200,628270
,,
26-07-2022,1658793600,638365
,,
27-07-2022,1658880000,706147
,,
28-07-2022,1658966400,691249
,,
29-07-2022,1659052800,707448
,,
30-07-2022,1659139200,682240
,,
31-07-2022,1659225600,653531
,,
01-08-2022,1659312000,699805
,,
02-08-2022,1659398400,708015
,,
03-08-2022,1659484800,683665
,,
04-08-2022,1659571200,606257
,,
05-08-2022,1659657600,643970
,,
06-08-2022,1659744000,608840
,,
07-08-2022,1659830400,590050
,,
08-08-2022,1659916800,673396
,,
09-08-2022,1660003200,646314
,,
10-08-2022,1660089600,642550
,,
11-08-2022,1660176000,659642
,,
12-08-2022,1660262400,634339
,,
13-08-2022,1660348800,670167
,,
14-08-2022,1660435200,678720
,,
15-08-2022,1660521600,673618
,,
16-08-2022,1660608000,629500
,,
17-08-2022,1660694400,652221
,,
18-08-2022,1660780800,595290
,,
19-08-2022,1660867200,689381
,,
20-08-2022,1660953600,578252
,,
21-08-2022,1661040000,756359
,,
22-08-2022,1661126400,612433
,,
23-08-2022,1661212800,626370
,,
24-08-2022,1661299200,700891
,,
25-08-2022,1661385600,822712
,,
26-08-2022,1661472000,688375
,,
27-08-2022,1661558400,700575
,,
28-08-2022,1661644800,577207
,,
29-08-2022,1661731200,637270
,,
30-08-2022,1661817600,664338
,,
31-08-2022,1661904000,599720
,,
01-09-2022,1661990400,644956
,,
02-09-2022,1662076800,625613
,,
03-09-2022,1662163200,754459
,,
04-09-2022,1662249600,523623
,,
05-09-2022,1662336000,798629
,,
06-09-2022,1662422400,737306
,,
07-09-2022,1662508800,645698
,,
08-09-2022,1662595200,766077
,,
09-09-2022,1662681600,613123
,,
10-09-2022,1662768000,566110
,,
11-09-2022,1662854400,598551
,,
12-09-2022,1662940800,617072
,,
13-09-2022,1663027200,759595
,,
14-09-2022,1663113600,637907
,,
15-09-2022,1663200000,726543
,,
16-09-2022,1663286400,741538
,,
17-09-2022,1663372800,697863
,,
18-09-2022,1663459200,778244
,,
19-09-2022,1663545600,900688
,,
20-09-2022,1663632000,1021129
,,
21-09-2022,1663718400,866049
,,
22-09-2022,1663804800,821247
,,
23-09-2022,1663891200,842777
,,
24-09-2022,1663977600,968162
,,
25-09-2022,1664064000,844586
,,
26-09-2022,1664150400,1106271
,,
27-09-2022,1664236800,916775
,,
28-09-2022,1664323200,984587
,,
29-09-2022,1664409600,963089
,,
30-09-2022,1664496000,725160
,,
01-10-2022,1664582400,747209
,,
02-10-2022,1664668800,753539
,,
03-10-2022,1664755200,656277
,,
04-10-2022,1664841600,793093
,,
05-10-2022,1664928000,807807
,,
06-10-2022,1665014400,804769
,,
07-10-2022,1665100800,732167
,,
08-10-2022,1665187200,629093
,,
09-10-2022,1665273600,449129
,,
10-10-2022,1665360000,716017
,,
11-10-2022,1665446400,788244
,,
12-10-2022,1665532800,681879
,,
13-10-2022,1665619200,779874
,,
14-10-2022,1665705600,732268
,,
15-10-2022,1665792000,681812
,,
16-10-2022,1665878400,730751
,,
17-10-2022,1665964800,872253
,,
18-10-2022,1666051200,800641
,,
19-10-2022,1666137600,774427
,,
20-10-2022,1666224000,869933
,,
21-10-2022,1666310400,830719
,,
22-10-2022,1666396800,666385
,,
23-10-2022,1666483200,737818
,,
24-10-2022,1666569600,791822
,,
25-10-2022,1666656000,828530
,,
26-10-2022,1666742400,830101
,,
27-10-2022,1666828800,832653
,,
28-10-2022,1666915200,770880
,,
29-10-2022,1667001600,865345
,,
30-10-2022,1667088000,787061
,,
31-10-2022,1667174400,754870
,,
01-11-2022,1667260800,800562
,,
02-11-2022,1667347200,789903
,,
03-11-2022,1667433600,785205
,,
04-11-2022,1667520000,782986
,,
05-11-2022,1667606400,856721
,,
06-11-2022,1667692800,681158
,,
07-11-2022,1667779200,916126
,,
08-11-2022,1667865600,972498
,,
09-11-2022,1667952000,1085580
,,
10-11-2022,1668038400,1072973
,,
11-11-2022,1668124800,981291
,,
12-11-2022,1668211200,787498
,,
13-11-2022,1668297600,940757
,,
14-11-2022,1668384000,972375
,,
15-11-2022,1668470400,874812
,,
16-11-2022,1668556800,805435
,,
17-11-2022,1668643200,814857
,,
18-11-2022,1668729600,748587
,,
19-11-2022,1668816000,649736
,,
20-11-2022,1668902400,832793
,,
21-11-2022,1668988800,853983
,,
22-11-2022,1669075200,845787
,,
23-11-2022,1669161600,1117944
,,
24-11-2022,1669248000,859608
,,
25-11-2022,1669334400,762543
,,
26-11-2022,1669420800,793561
,,
27-11-2022,1669507200,714894
,,
28-11-2022,1669593600,832197
,,
29-11-2022,1669680000,829856
,,
30-11-2022,1669766400,868113
,,
01-12-2022,1669852800,795559
,,
02-12-2022,1669939200,755762
,,
03-12-2022,1670025600,674743
,,
04-12-2022,1670112000,702119
,,
05-12-2022,1670198400,765984
,,
06-12-2022,1670284800,794023
,,
07-12-2022,1670371200,748698
,,
08-12-2022,1670457600,743149
,,
09-12-2022,1670544000,792039
,,
10-12-2022,1670630400,798847
,,
11-12-2022,1670716800,731822
,,
12-12-2022,1670803200,908190
,,
13-12-2022,1670889600,979738
,,
14-12-2022,1670976000,859654
,,
15-12-2022,1671062400,889218
,,
16-12-2022,1671148800,905607
,,
17-12-2022,1671235200,801308
,,
18-12-2022,1671321600,764917
,,
19-12-2022,1671408000,832543
,,
20-12-2022,1671494400,847794
,,
21-12-2022,1671580800,811324
,,
22-12-2022,1671667200,797071
,,
23-12-2022,1671753600,763227
,,
24-12-2022,1671840000,737903
,,
25-12-2022,1671926400,666045
,,
26-12-2022,1672012800,790792
,,
27-12-2022,1672099200,760806
,,
28-12-2022,1672185600,752846
,,
29-12-2022,1672272000,729132
,,
30-12-2022,1672358400,733027
,,
31-12-2022,1672444800,693117
,,
01-01-2023,1672531200,661785
,,
02-01-2023,1672617600,758939
,,
03-01-2023,1672704000,777489
,,
04-01-2023,1672790400,884112
,,
05-01-2023,1672876800,835324
,,
06-01-2023,1672963200,879789
,,
07-01-2023,1673049600,824483
,,
08-01-2023,1673136000,714970
,,
09-01-2023,1673222400,958382
,,
10-01-2023,1673308800,939914
,,
11-01-2023,1673395200,893204
,,
12-01-2023,1673481600,947352
,,
13-01-2023,1673568000,869960
,,
14-01-2023,1673654400,992678
,,
15-01-2023,1673740800,906331
,,
16-01-2023,1673827200,980645
,,
17-01-2023,1673913600,938182
,,
18-01-2023,1674000000,1078421
,,
19-01-2023,1674086400,925632
,,
20-01-2023,1674172800,908340
,,
21-01-2023,1674259200,996789
,,
22-01-2023,1674345600,844826
,,
23-01-2023,1674432000,839699
,,
24-01-2023,1674518400,860959
,,
25-01-2023,1674604800,1020090
,,
26-01-2023,1674691200,884746
,,
27-01-2023,1674777600,893867
,,
28-01-2023,1674864000,872060
,,
29-01-2023,1674950400,836462
,,
30-01-2023,1675036800,964212
,,
31-01-2023,1675123200,899707
,,
01-02-2023,1675209600,1023038
,,
02-02-2023,1675296000,1102020
,,
03-02-2023,1675382400,1004885
,,
04-02-2023,1675468800,1005164
,,
05-02-2023,1675555200,1005949
,,
06-02-2023,1675641600,1077612
,,
07-02-2023,1675728000,1167182
,,
08-02-2023,1675814400,1145873
,,
09-02-2023,1675900800,1080125
,,
10-02-2023,1675987200,1105018
,,
11-02-2023,1676073600,975673
,,
12-02-2023,1676160000,951744
,,
13-02-2023,1676246400,980840
,,
14-02-2023,1676332800,1022828
,,
15-02-2023,1676419200,1047448
,,
16-02-2023,1676505600,1069439
,,
17-02-2023,1676592000,994707
,,
18-02-2023,1676678400,1248542
,,
19-02-2023,1676764800,946579
,,
20-02-2023,1676851200,924132
,,
21-02-2023,1676937600,982069
,,
22-02-2023,1677024000,1077846
,,
23-02-2023,1677110400,1148229
,,
24-02-2023,1677196800,903890
,,
25-02-2023,1677283200,872104
,,
26-02-2023,1677369600,765379
,,
27-02-2023,1677456000,857465
,,
28-02-2023,1677542400,933331
,,
01-03-2023,1677628800,925720
,,
02-03-2023,1677715200,976435
,,
03-03-2023,1677801600,984860
,,
04-03-2023,1677888000,861197
,,
05-03-2023,1677974400,802609
,,
06-03-2023,1678060800,892011
,,
07-03-2023,1678147200,932384
,,
08-03-2023,1678233600,900681
,,
09-03-2023,1678320000,892536
,,
10-03-2023,1678406400,1031010
,,
11-03-2023,1678492800,1200417
,,
12-03-2023,1678579200,989314
,,
13-03-2023,1678665600,1075600
,,
14-03-2023,1678752000,995100
,,
15-03-2023,1678838400,964896
,,
16-03-2023,1678924800,999816
,,
17-03-2023,1679011200,942082
,,
18-03-2023,1679097600,899210
,,
19-03-2023,1679184000,837536
,,
20-03-2023,1679270400,973460
,,
21-03-2023,1679356800,941110
,,
22-03-2023,1679443200,994065
,,
23-03-2023,1679529600,1150706
,,
24-03-2023,1679616000,920537
,,
25-03-2023,1679702400,777081
,,
26-03-2023,1679788800,861224
,,
27-03-2023,1679875200,1006943
,,
28-03-2023,1679961600,995891
,,
29-03-2023,1680048000,936606
,,
30-03-2023,1680134400,938585
,,
31-03-2023,1680220800,910669
,,
01-04-2023,1680307200,776810
,,
02-04-2023,1680393600,762636
,,
03-04-2023,1680480000,878199
,,
04-04-2023,1680566400,836683
,,
05-04-2023,1680652800,797302
,,
06-04-2023,1680739200,795846
,,
07-04-2023,1680825600,755062
,,
08-04-2023,1680912000,681177
,,
09-04-2023,1680998400,654892
,,
10-04-2023,1681084800,785856
,,
11-04-2023,1681171200,786980
,,
12-04-2023,1681257600,790720
,,
13-04-2023,1681344000,763896
,,
14-04-2023,1681430400,870904
,,
15-04-2023,1681516800,735065
,,
16-04-2023,1681603200,723799
,,
17-04-2023,1681689600,973749
,,
18-04-2023,1681776000,1066159
,,
19-04-2023,1681862400,1141015
,,
20-04-2023,1681948800,1112369
,,
21-04-2023,1682035200,1029393
,,
22-04-2023,1682121600,844356
,,
23-04-2023,1682208000,923951
,,
24-04-2023,1682294400,964198
,,
25-04-2023,1682380800,940248
,,
26-04-2023,1682467200,943567
,,
27-04-2023,1682553600,852455
,,
28-04-2023,1682640000,943232
,,
29-04-2023,1682726400,861342
,,
30-04-2023,1682812800,1056724
,,
01-05-2023,1682899200,1205992
,,
02-05-2023,1682985600,1253594
,,
03-05-2023,1683072000,1232633
,,
04-05-2023,1683158400,1234992
,,
05-05-2023,1683244800,1283473
,,
06-05-2023,1683331200,1266153
,,
07-05-2023,1683417600,1292552
,,
08-05-2023,1683504000,1268816
,,
09-05-2023,1683590400,1212629
,,
10-05-2023,1683676800,1167334
,,
11-05-2023,1683763200,1180298
,,
12-05-2023,1683849600,1099158
,,
13-05-2023,1683936000,977842
,,
14-05-2023,1684022400,1011702
,,
15-05-2023,1684108800,1071778
,,
16-05-2023,1684195200,1117534
,,
17-05-2023,1684281600,1064936
,,
18-05-2023,1684368000,1178753
,,
19-05-2023,1684454400,1065322
,,
20-05-2023,1684540800,909709
,,
21-05-2023,1684627200,965860
,,
22-05-2023,1684713600,1088789
,,
23-05-2023,1684800000,1111261
,,
24-05-2023,1684886400,1088595
,,
25-05-2023,1684972800,1048427
,,
26-05-2023,1685059200,1049361
,,
27-05-2023,1685145600,951994
,,
28-05-2023,1685232000,1026550
,,
29-05-2023,1685318400,1108235
,,
30-05-2023,1685404800,1118572
,,
31-05-2023,1685491200,1071463
,,
01-06-2023,1685577600,1206369
,,
02-06-2023,1685664000,1009203
,,
03-06-2023,1685750400,883512
,,
04-06-2023,1685836800,857159
,,
05-06-2023,1685923200,1040911
,,
06-06-2023,1686009600,1034539
,,
07-06-2023,1686096000,927114
,,
08-06-2023,1686182400,923002
,,
09-06-2023,1686268800,854722
,,
10-06-2023,1686355200,991369
,,
11-06-2023,1686441600,905141
,,
12-06-2023,1686528000,887342
,,
13-06-2023,1686614400,861197
,,
14-06-2023,1686700800,865991
,,
15-06-2023,1686787200,938178
,,
16-06-2023,1686873600,944932
,,
17-06-2023,1686960000,782930
,,
18-06-2023,1687046400,697166
,,
19-06-2023,1687132800,821975
,,
20-06-2023,1687219200,862023
,,
21-06-2023,1687305600,929167
,,
22-06-2023,1687392000,891334
,,
23-06-2023,1687478400,972561
,,
24-06-2023,1687564800,832862
,,
25-06-2023,1687651200,845451
,,
26-06-2023,1687737600,882014
,,
27-06-2023,1687824000,894834
,,
28-06-2023,1687910400,976475
,,
29-06-2023,1687996800,1075060
,,
30-06-2023,1688083200,1044885
,,
01-07-2023,1688169600,995392
,,
02-07-2023,1688256000,928066
,,
03-07-2023,1688342400,1025226
,,
04-07-2023,1688428800,929391
,,
05-07-2023,1688515200,743785
,,
06-07-2023,1688601600,1015188
,,
07-07-2023,1688688000,1216538
,,
08-07-2023,1688774400,1060913
,,
09-07-2023,1688860800,996595
,,
10-07-2023,1688947200,1050404
,,
11-07-2023,1689033600,1105596
,,
12-07-2023,1689120000,1064511
,,
13-07-2023,1689206400,1100847
,,
14-07-2023,1689292800,1074878
,,
15-07-2023,1689379200,960970
,,
16-07-2023,1689465600,1136690
,,
17-07-2023,1689552000,1194236
,,
18-07-2023,1689638400,1129374
,,
19-07-2023,1689724800,1137295
,,
20-07-2023,1689811200,1206321
,,
21-07-2023,1689897600,1136813
,,
22-07-2023,1689984000,1118197
,,
23-07-2023,1690070400,1089630
,,
24-07-2023,1690156800,1154732
,,
25-07-2023,1690243200,1150810
,,
26-07-2023,1690329600,1092733
,,
27-07-2023,1690416000,1111763
,,
28-07-2023,1690502400,1130581
,,
29-07-2023,1690588800,1139602
,,
30-07-2023,1690675200,929739
,,
31-07-2023,1690761600,1082900
,,
01-08-2023,1690848000,1109315
,,
02-08-2023,1690934400,1143546
,,
03-08-2023,1691020800,1119480
,,
04-08-2023,1691107200,1011844
,,
05-08-2023,1691193600,1037490
,,
06-08-2023,1691280000,958872
,,
07-08-2023,1691366400,1175551
,,
08-08-2023,1691452800,1081819
,,
09-08-2023,1691539200,1087759
,,
10-08-2023,1691625600,1106950
,,
11-08-2023,1691712000,1121692
,,
12-08-2023,1691798400,996020
,,
13-08-2023,1691884800,995203
,,
14-08-2023,1691971200,1100171
,,
15-08-2023,1692057600,1129506
,,
16-08-2023,1692144000,1126623
,,
17-08-2023,1692230400,1159306
,,
18-08-2023,1692316800,1152216
,,
19-08-2023,1692403200,1001036
,,
20-08-2023,1692489600,1075991
,,
21-08-2023,1692576000,1075483
,,
22-08-2023,1692662400,1108946
,,
23-08-2023,1692748800,1134708
,,
24-08-2023,1692835200,1059251
,,
25-08-2023,1692921600,1110647
,,
26-08-2023,1693008000,990342
,,
27-08-2023,1693094400,984676
,,
28-08-2023,1693180800,1156377
,,
29-08-2023,1693267200,1116362
,,
30-08-2023,1693353600,1078945
,,
31-08-2023,1693440000,1113070
,,
01-09-2023,1693526400,1046221
,,
02-09-2023,1693612800,965351
,,
03-09-2023,1693699200,958918
,,
04-09-2023,1693785600,1155200
,,
05-09-2023,1693872000,1249444
,,
06-09-2023,1693958400,1035150
,,
07-09-2023,1694044800,1166970
,,
08-09-2023,1694131200,1039910
,,
09-09-2023,1694217600,923897
,,
10-09-2023,1694304000,963119
,,
11-09-2023,1694390400,1009751
,,
12-09-2023,1694476800,963710
,,
13-09-2023,1694563200,840728
,,
14-09-2023,1694649600,1015319
,,
15-09-2023,1694736000,1015270
,,
16-09-2023,1694822400,898085
,,
17-09-2023,1694908800,828306
,,
18-09-2023,1694995200,984585
,,
19-09-2023,1695081600,1005452
,,
20-09-2023,1695168000,996067
,,
21-09-2023,1695254400,962291
,,
22-09-2023,1695340800,1276015
,,
23-09-2023,1695427200,1111059
,,
24-09-2023,1695513600,827409
,,
25-09-2023,1695600000,951322
,,
26-09-2023,1695686400,1085652
,,
27-09-2023,1695772800,1060462
,,
28-09-2023,1695859200,978217
,,
29-09-2023,1695945600,951381
,,
30-09-2023,1696032000,931843
,,
01-10-2023,1696118400,944347
,,
02-10-2023,1696204800,1080121
,,
03-10-2023,1696291200,1026703
,,
04-10-2023,1696377600,1002593
,,
05-10-2023,1696464000,914974
,,
06-10-2023,1696550400,981556
,,
07-10-2023,1696636800,1271654
,,
08-10-2023,1696723200,923202
,,
09-10-2023,1696809600,1028822
,,
10-10-2023,1696896000,974540
,,
11-10-2023,1696982400,1021451
,,
12-10-2023,1697068800,1016438
,,
13-10-2023,1697155200,1003985
,,
14-10-2023,1697241600,857395
,,
15-10-2023,1697328000,925178
,,
16-10-2023,1697414400,1066505
,,
17-10-2023,1697500800,1042401
,,
18-10-2023,1697587200,1005598
,,
19-10-2023,1697673600,1035987
,,
20-10-2023,1697760000,1060990
,,
21-10-2023,1697846400,967318
,,
22-10-2023,1697932800,1063179
,,
23-10-2023,1698019200,1135684
,,
24-10-2023,1698105600,1175234
,,
25-10-2023,1698192000,1117106
,,
26-10-2023,1698278400,1086030
,,
27-10-2023,1698364800,1098459
,,
28-10-2023,1698451200,993633
,,
29-10-2023,1698537600,964830
,,
30-10-2023,1698624000,1088815
,,
31-10-2023,1698710400,1080382
,,
01-11-2023,1698796800,1130703
,,
02-11-2023,1698883200,1098381
,,
03-11-2023,1698969600,1097466
,,
04-11-2023,1699056000,1088156
,,
05-11-2023,1699142400,1075309
,,
06-11-2023,1699228800,1085297
,,
07-11-2023,1699315200,1268225
,,
08-11-2023,1699401600,1051895
,,
09-11-2023,1699488000,1099021
,,
10-11-2023,1699574400,1178026
,,
11-11-2023,1699660800,1124336
,,
12-11-2023,1699747200,1084464
,,
13-11-2023,1699833600,1147183
,,
14-11-2023,1699920000,1134811
,,
15-11-2023,1700006400,1124253
,,
16-11-2023,1700092800,1059998
,,
17-11-2023,1700179200,1070578
,,
18-11-2023,1700265600,1067186
,,
19-11-2023,1700352000,1128258
,,
20-11-2023,1700438400,1137423
,,
21-11-2023,1700524800,1077349
,,
22-11-2023,1700611200,1071580
,,
23-11-2023,1700697600,1015577
,,
24-11-2023,1700784000,1079009
,,
25-11-2023,1700870400,1040461
,,
26-11-2023,1700956800,1054831
,,
27-11-2023,1701043200,1076910
,,
28-11-2023,1701129600,1059967
,,
29-11-2023,1701216000,1126326
,,
30-11-2023,1701302400,1115775
,,
01-12-2023,1701388800,1069419
,,
02-12-2023,1701475200,1096616
,,
03-12-2023,1701561600,1188806
,,
04-12-2023,1701648000,1164366
,,
05-12-2023,1701734400,1115924
,,
06-12-2023,1701820800,1065365
,,
07-12-2023,1701907200,1161073
,,
08-12-2023,1701993600,1103023
,,
09-12-2023,1702080000,1065838
,,
10-12-2023,1702166400,1118014
,,
11-12-2023,1702252800,1067005
,,
12-12-2023,1702339200,993187
,,
13-12-2023,1702425600,951496
,,
14-12-2023,1702512000,1003601
,,
15-12-2023,1702598400,990458
,,
16-12-2023,1702684800,888087
,,
17-12-2023,1702771200,997464
,,
18-12-2023,1702857600,1176255
,,
19-12-2023,1702944000,975116
,,
20-12-2023,1703030400,946654
,,
21-12-2023,1703116800,1029921
,,
22-12-2023,1703203200,1125756
,,
23-12-2023,1703289600,1218195
,,
24-12-2023,1703376000,1108113
,,
25-12-2023,1703462400,1172959
,,
26-12-2023,1703548800,1077016
,,
27-12-2023,1703635200,934822
,,
28-12-2023,1703721600,1059632
,,
29-12-2023,1703808000,1076513
,,
30-12-2023,1703894400,1009827
,,
31-12-2023,1703980800,1058011
,,
01-01-2024,1704067200,947400
,,
02-01-2024,1704153600,1077847
,,
03-01-2024,1704240000,1133408
,,
04-01-2024,1704326400,1112932
,,
05-01-2024,1704412800,1041555
,,
06-01-2024,1704499200,982571
,,
07-01-2024,1704585600,827493
,,
08-01-2024,1704672000,1107041
,,
09-01-2024,1704758400,1168240
,,
10-01-2024,1704844800,904954
,,
11-01-2024,1704931200,1053514
,,
12-01-2024,1705017600,1120804
,,
13-01-2024,1705104000,1143975
,,
14-01-2024,1705190400,888925
,,
15-01-2024,1705276800,1199862
,,
16-01-2024,1705363200,1142741
,,
17-01-2024,1705449600,1230502
,,
18-01-2024,1705536000,1175114
,,
19-01-2024,1705622400,1114468
,,
20-01-2024,1705708800,1263222
,,
21-01-2024,1705795200,990733
,,
22-01-2024,1705881600,1153592
,,
23-01-2024,1705968000,1116137
,,
24-01-2024,1706054400,1141204
,,
25-01-2024,1706140800,1109642
,,
26-01-2024,1706227200,1078826
,,
27-01-2024,1706313600,974356
,,
28-01-2024,1706400000,1105449
,,
29-01-2024,1706486400,1041957
,,
30-01-2024,1706572800,1056760
,,
31-01-2024,1706659200,1061137
,,
01-02-2024,1706745600,1000395
,,
02-02-2024,1706832000,1133746
,,
03-02-2024,1706918400,996715
,,
04-02-2024,1707004800,1032758
,,
05-02-2024,1707091200,1066033
,,
06-02-2024,1707177600,896386
,,
07-02-2024,1707264000,892685
,,
08-02-2024,1707350400,834786
,,
09-02-2024,1707436800,813053
,,
10-02-2024,1707523200,861285
,,
11-02-2024,1707609600,973121
,,
12-02-2024,1707696000,1093519
,,
13-02-2024,1707782400,922061
,,
14-02-2024,1707868800,1066978
,,
15-02-2024,1707955200,971653
,,
16-02-2024,1708041600,1036635
,,
17-02-2024,1708128000,1010947
,,
18-02-2024,1708214400,987670
,,
19-02-2024,1708300800,1076553
,,
20-02-2024,1708387200,1025225
,,
21-02-2024,1708473600,947764
,,
22-02-2024,1708560000,927959
,,
23-02-2024,1708646400,979300
,,
24-02-2024,1708732800,1051422
,,
25-02-2024,1708819200,1136111
,,
26-02-2024,1708905600,1036967
,,
27-02-2024,1708992000,1054760
,,
28-02-2024,1709078400,1049516
,,
29-02-2024,1709164800,1020653
,,
01-03-2024,1709251200,1065479
,,
02-03-2024,1709337600,1125352
,,
03-03-2024,1709424000,1126333
,,
04-03-2024,1709510400,1258350
,,
05-03-2024,1709596800,1223189
,,
06-03-2024,1709683200,1245530
,,
07-03-2024,1709769600,1206144
,,
08-03-2024,1709856000,1160577
,,
09-03-2024,1709942400,1157875
,,
10-03-2024,1710028800,1393908
,,
11-03-2024,1710115200,1270347
,,
12-03-2024,1710201600,1227006
,,
13-03-2024,1710288000,1203465
,,
14-03-2024,1710374400,1208966
,,
15-03-2024,1710460800,1263243
,,
16-03-2024,1710547200,1263706
,,
17-03-2024,1710633600,1515134
,,
18-03-2024,1710720000,1324702
,,
19-03-2024,1710806400,1296997
,,
20-03-2024,1710892800,1250560
,,
21-03-2024,1710979200,1252121
,,
22-03-2024,1711065600,1252712
,,
23-03-2024,1711152000,1379112
,,
24-03-2024,1711238400,1333710
,,
25-03-2024,1711324800,1271141
,,
26-03-2024,1711411200,1283577
,,
27-03-2024,1711497600,1198900
,,
28-03-2024,1711584000,1248415
,,
29-03-2024,1711670400,1247600
,,
30-03-2024,1711756800,1288060
,,
31-03-2024,1711843200,1300999
,,
01-04-2024,1711929600,1321221
,,
02-04-2024,1712016000,1259305
,,
03-04-2024,1712102400,1335246
,,
04-04-2024,1712188800,1355690
,,
05-04-2024,1712275200,1359897
,,
06-04-2024,1712361600,1329628
,,
07-04-2024,1712448000,1356619
,,
08-04-2024,1712534400,1340019
,,
09-04-2024,1712620800,1225509
,,
10-04-2024,1712707200,1376087
,,
11-04-2024,1712793600,1567555
,,
12-04-2024,1712880000,1390129
,,
13-04-2024,1712966400,1538031
,,
14-04-2024,1713052800,1451909
,,
15-04-2024,1713139200,1416785
,,
16-04-2024,1713225600,1311286
,,
17-04-2024,1713312000,1203173
,,
18-04-2024,1713398400,1385971
,,
19-04-2024,1713484800,1310907
,,
20-04-2024,1713571200,1240501
,,
21-04-2024,1713657600,1254019
,,
22-04-2024,1713744000,1309977
,,
23-04-2024,1713830400,1342341
,,
24-04-2024,1713916800,1307680
,,
25-04-2024,1714003200,1279294
,,
26-04-2024,1714089600,1237090
,,
27-04-2024,1714176000,1212246
,,
28-04-2024,1714262400,1210350
,,
29-04-2024,1714348800,1104321
,,
30-04-2024,1714435200,1144648
,,
01-05-2024,1714521600,1186772
,,
02-05-2024,1714608000,1111493
,,
03-05-2024,1714694400,1202756
,,
04-05-2024,1714780800,1102773
,,
05-05-2024,1714867200,1050713
,,
06-05-2024,1714953600,1220329
,,
07-05-2024,1715040000,1231815
,,
08-05-2024,1715126400,1203983
,,
09-05-2024,1715212800,1183266
,,
10-05-2024,1715299200,1197619
,,
11-05-2024,1715385600,1151382
,,
12-05-2024,1715472000,1121082
,,
13-05-2024,1715558400,1254697
,,
14-05-2024,1715644800,1251472
,,
15-05-2024,1715731200,1303246
,,
16-05-2024,1715817600,1196347
,,
17-05-2024,1715904000,1179483
,,
18-05-2024,1715990400,1207540
,,
19-05-2024,1716076800,1141003
,,
20-05-2024,1716163200,1296462
,,
21-05-2024,1716249600,1345182
,,
22-05-2024,1716336000,1355699
,,
23-05-2024,1716422400,1319252
,,
24-05-2024,1716508800,1348222
,,
25-05-2024,1716595200,1319888
,,
26-05-2024,1716681600,1339787
,,
27-05-2024,1716768000,1300091
,,
28-05-2024,1716854400,1253191
,,
29-05-2024,1716940800,1334852
,,
30-05-2024,1717027200,1232322
,,
31-05-2024,1717113600,1270727
,,
01-06-2024,1717200000,1341895
,,
02-06-2024,1717286400,1361732
,,
03-06-2024,1717372800,1372654
,,
04-06-2024,1717459200,1382587
,,
05-06-2024,1717545600,1327787
,,
06-06-2024,1717632000,1281342
,,
07-06-2024,1717718400,1326502
,,
08-06-2024,1717804800,1429998
,,
09-06-2024,1717891200,1400569
,,
10-06-2024,1717977600,1417248
,,
11-06-2024,1718064000,1372296
,,
12-06-2024,1718150400,1310892
,,
13-06-2024,1718236800,1263033
,,
14-06-2024,1718323200,1330527
,,
15-06-2024,1718409600,1317268
,,
16-06-2024,1718496000,1324877
,,
17-06-2024,1718582400,1306314
,,
18-06-2024,1718668800,1369943
,,
19-06-2024,1718755200,1289699
,,
20-06-2024,1718841600,1207751
,,
21-06-2024,1718928000,1264562
,,
22-06-2024,1719014400,1293808
,,
23-06-2024,1719100800,1249749
,,
24-06-2024,1719187200,1359045
,,
25-06-2024,1719273600,1378562
,,
26-06-2024,1719360000,1274601
,,
27-06-2024,1719446400,1245123
,,
28-06-2024,1719532800,1332897
,,
29-06-2024,1719619200,1936796
,,
30-06-2024,1719705600,1320944
,,
01-07-2024,1719792000,1425319
,,
02-07-2024,1719878400,1408892
,,
03-07-2024,1719964800,1357066
,,
04-07-2024,1720051200,1413858
,,
05-07-2024,1720137600,1463318
,,
06-07-2024,1720224000,1642490
,,
07-07-2024,1720310400,1374957
,,
08-07-2024,1720396800,1391317
,,
09-07-2024,1720483200,1362561
,,
10-07-2024,1720569600,1291224
,,
11-07-2024,1720656000,1342730
,,
12-07-2024,1720742400,1312006
,,
13-07-2024,1720828800,1311695
,,
14-07-2024,1720915200,1337783
,,
15-07-2024,1721001600,1336731
,,
16-07-2024,1721088000,1380332
,,
17-07-2024,1721174400,1372103
,,
18-07-2024,1721260800,1359330
,,
19-07-2024,1721347200,1422907
,,
20-07-2024,1721433600,1462078
,,
21-07-2024,1721520000,1394726
,,
22-07-2024,1721606400,1377480
,,
23-07-2024,1721692800,1400923
,,
24-07-2024,1721779200,1380782
,,
25-07-2024,1721865600,1390072
,,
26-07-2024,1721952000,1440317
,,
27-07-2024,1722038400,1287509
,,
28-07-2024,1722124800,1323599
,,
29-07-2024,1722211200,1341669
,,
30-07-2024,1722297600,1303061
,,
31-07-2024,1722384000,1308837
,,
01-08-2024,1722470400,1332442
,,
02-08-2024,1722556800,1404763
,,
03-08-2024,1722643200,1301146
,,
04-08-2024,1722729600,1323399
,,
05-08-2024,1722816000,1443098
,,
06-08-2024,1722902400,1469273
,,
07-08-2024,1722988800,1386515
,,
08-08-2024,1723075200,1372652
,,
09-08-2024,1723161600,1362388
,,
10-08-2024,1723248000,1329885
,,
11-08-2024,1723334400,1291620
,,
12-08-2024,1723420800,1331725
,,
13-08-2024,1723507200,1332863
,,
14-08-2024,1723593600,1316667
,,
15-08-2024,1723680000,1318603
,,
16-08-2024,1723766400,1578713
,,
17-08-2024,1723852800,1334153
,,
18-08-2024,1723939200,1643386
,,
19-08-2024,1724025600,1715222
,,
20-08-2024,1724112000,1599519
,,
21-08-2024,1724198400,1369382
,,
22-08-2024,1724284800,1290647
,,
23-08-2024,1724371200,1394444
,,
24-08-2024,1724457600,1348374
,,
25-08-2024,1724544000,1398616
,,
26-08-2024,1724630400,1344718
,,
27-08-2024,1724716800,1406086
,,
28-08-2024,1724803200,1353129
,,
29-08-2024,1724889600,1357694
,,
30-08-2024,1724976000,1350746
,,
31-08-2024,1725062400,1264988
,,
01-09-2024,1725148800,1239952
,,
02-09-2024,1725235200,1215827
,,
03-09-2024,1725321600,1402322
,,
04-09-2024,1725408000,1323764
,,
05-09-2024,1725494400,1284708
,,
06-09-2024,1725580800,1384300
,,
07-09-2024,1725667200,1605386
,,
08-09-2024,1725753600,1446889
,,
09-09-2024,1725840000,1362823
,,
10-09-2024,1725926400,1356217
,,
11-09-2024,1726012800,1364447
,,
12-09-2024,1726099200,1427087
,,
13-09-2024,1726185600,1481153
,,
14-09-2024,1726272000,1484563
,,
15-09-2024,1726358400,1532517
,,
16-09-2024,1726444800,1384101
,,
17-09-2024,1726531200,1479461
,,
18-09-2024,1726617600,1368995
,,
19-09-2024,1726704000,1382524
,,
20-09-2024,1726790400,1341874
,,
21-09-2024,1726876800,1337110
,,
22-09-2024,1726963200,1393494
,,
23-09-2024,1727049600,1341045
,,
24-09-2024,1727136000,1344214
,,
25-09-2024,1727222400,1317007
,,
26-09-2024,1727308800,1337049
,,
27-09-2024,1727395200,1382375
,,
28-09-2024,1727481600,1413044
,,
29-09-2024,1727568000,1370099
,,
30-09-2024,1727654400,1427768
,,
01-10-2024,1727740800,1437414
,,
02-10-2024,1727827200,1378397
,,
03-10-2024,1727913600,1445206
,,
04-10-2024,1728000000,1419267
,,
05-10-2024,1728086400,1431507
,,
06-10-2024,1728172800,1423208
,,
07-10-2024,1728259200,1423698
,,
08-10-2024,1728345600,1398712
,,
09-10-2024,1728432000,1392729
,,
10-10-2024,1728518400,1414448
,,
11-10-2024,1728604800,1436673
,,
12-10-2024,1728691200,1422223
,,
13-10-2024,1728777600,1463398
,,
14-10-2024,1728864000,1401019
,,
15-10-2024,1728950400,1444712
,,
16-10-2024,1729036800,1445242
,,
17-10-2024,1729123200,1459269
,,
18-10-2024,1729209600,1515387
,,
19-10-2024,1729296000,1471281
,,
20-10-2024,1729382400,1393394
,,
21-10-2024,1729468800,1398345
,,
22-10-2024,1729555200,1368737
,,
23-10-2024,1729641600,1264835
,,
24-10-2024,1729728000,1334137
,,
25-10-2024,1729814400,1474424
,,
26-10-2024,1729900800,1384677
,,
27-10-2024,1729987200,1253110
,,
28-10-2024,1730073600,1308198
,,
29-10-2024,1730160000,1359563
,,
30-10-2024,1730246400,1307258
,,
31-10-2024,1730332800,1299155
,,
01-11-2024,1730419200,1309510
,,
02-11-2024,1730505600,1344508
,,
03-11-2024,1730592000,1370728
,,
04-11-2024,1730678400,1391993
,,
05-11-2024,1730764800,1406477
,,
06-11-2024,1730851200,1419493
,,
07-11-2024,1730937600,1355114
,,
08-11-2024,1731024000,1364493
,,
09-11-2024,1731110400,1361954
,,
10-11-2024,1731196800,1408825
,,
11-11-2024,1731283200,1376134
,,
12-11-2024,1731369600,1394310
,,
13-11-2024,1731456000,1400778
,,
14-11-2024,1731542400,1397668
,,
15-11-2024,1731628800,1454562
,,
16-11-2024,1731715200,1383828
,,
17-11-2024,1731801600,1443743
,,
18-11-2024,1731888000,1385876
,,
19-11-2024,1731974400,1343252
,,
20-11-2024,1732060800,1337061
,,
21-11-2024,1732147200,1364414
,,
22-11-2024,1732233600,1347337
,,
23-11-2024,1732320000,1453857
,,
24-11-2024,1732406400,1446893
,,
25-11-2024,1732492800,1349667
,,
26-11-2024,1732579200,1374124
,,
27-11-2024,1732665600,1403486
,,
28-11-2024,1732752000,1439891
,,
29-11-2024,1732838400,1417061
,,
30-11-2024,1732924800,1399642
,,
01-12-2024,1733011200,1449518
,,
02-12-2024,1733097600,1406092
,,
03-12-2024,1733184000,1414993
,,
04-12-2024,1733270400,1415657
,,
05-12-2024,1733356800,1403066
,,
06-12-2024,1733443200,1428927
,,
07-12-2024,1733529600,1458271
,,
08-12-2024,1733616000,1396813
,,
09-12-2024,1733702400,1369158
,,
10-12-2024,1733788800,1368999
,,
11-12-2024,1733875200,1345564
,,
12-12-2024,1733961600,1327785
,,
13-12-2024,1734048000,1344174
,,
14-12-2024,1734134400,1317825
,,
15-12-2024,1734220800,1323516
,,
16-12-2024,1734307200,1331399
,,
17-12-2024,1734393600,1292091
,,
18-12-2024,1734480000,1301395
,,
19-12-2024,1734566400,1366403
,,
20-12-2024,1734652800,1372639
,,
21-12-2024,1734739200,1373954
,,
22-12-2024,1734825600,1292392
,,
23-12-2024,1734912000,1328972
,,
24-12-2024,1734998400,1402133
,,
25-12-2024,1735084800,1405060
,,
26-12-2024,1735171200,1350835
,,
27-12-2024,1735257600,1336460
,,
28-12-2024,1735344000,1334058
,,
29-12-2024,1735430400,1339558
,,
30-12-2024,1735516800,1344775
,,
31-12-2024,1735603200,1368366
,,
01-01-2025,1735689600,1248133
,,
02-01-2025,1735776000,1182736
,,
03-01-2025,1735862400,1383082
,,
04-01-2025,1735948800,1453842
,,
05-01-2025,1736035200,1449732
,,
06-01-2025,1736121600,1422269
,,
07-01-2025,1736208000,1434414
,,
08-01-2025,1736294400,1458820
,,
09-01-2025,1736380800,1433732
,,
10-01-2025,1736467200,1408405
,,
11-01-2025,1736553600,1471045
,,
12-01-2025,1736640000,1354000
,,
13-01-2025,1736726400,1456072
,,
14-01-2025,1736812800,1301226
,,
15-01-2025,1736899200,1384234
,,
16-01-2025,1736985600,1341431
,,
17-01-2025,1737072000,1339820
,,
18-01-2025,1737158400,1366960
,,
19-01-2025,1737244800,1358104
,,
20-01-2025,1737331200,1281462
,,
21-01-2025,1737417600,1354711
,,
22-01-2025,1737504000,1345020
,,
23-01-2025,1737590400,1344426
,,
24-01-2025,1737676800,1302685
,,
25-01-2025,1737763200,1276312
,,
26-01-2025,1737849600,1349463
,,
27-01-2025,1737936000,1358475
,,
28-01-2025,1738022400,1283693
,,
29-01-2025,1738108800,1371007
,,
30-01-2025,1738195200,1321523
,,
31-01-2025,1738281600,1349895
,,
01-02-2025,1738368000,1324087
,,
02-02-2025,1738454400,1372063
,,
03-02-2025,1738540800,1455945
,,
04-02-2025,1738627200,1673433
,,
05-02-2025,1738713600,1524172
,,
06-02-2025,1738800000,1462444
,,
07-02-2025,1738886400,1549461
,,
08-02-2025,1738972800,1327312
,,
09-02-2025,1739059200,1365045
,,
10-02-2025,1739145600,1603001
,,
11-02-2025,1739232000,1522095
,,
12-02-2025,1739318400,1401671
,,
13-02-2025,1739404800,1382853
,,
14-02-2025,1739491200,1480177
,,
15-02-2025,1739577600,1184653
,,
16-02-2025,1739664000,1189960
,,
17-02-2025,1739750400,1427112
,,
18-02-2025,1739836800,1545582
,,
19-02-2025,1739923200,1454915
,,
20-02-2025,1740009600,1414116
,,
21-02-2025,1740096000,1543328
,,
22-02-2025,1740182400,1361728
,,
23-02-2025,1740268800,1296577
,,
24-02-2025,1740355200,1525917
,,
25-02-2025,1740441600,1790846
,,
26-02-2025,1740528000,1817382
,,
27-02-2025,1740614400,2512898
,,
28-02-2025,1740700800,2516405
,,
01-03-2025,1740787200,3465971
,,
02-03-2025,1740873600,1340357
,,
03-03-2025,1740960000,2074824
,,
04-03-2025,1741046400,2098935
,,
05-03-2025,1741132800,1780409
,,
06-03-2025,1741219200,2131515
,,
07-03-2025,1741305600,2257824
,,
08-03-2025,1741392000,1659454
,,
09-03-2025,1741478400,2649905
,,
10-03-2025,1741564800,3221507
,,
11-03-2025,1741651200,3009161
,,
12-03-2025,1741737600,2134140
,,
13-03-2025,1741824000,1676936
,,
14-03-2025,1741910400,1771700
,,
15-03-2025,1741996800,1256494
,,
16-03-2025,1742083200,1389110
,,
17-03-2025,1742169600,1491659
,,
18-03-2025,1742256000,2146462
,,
19-03-2025,1742342400,2251249
,,
20-03-2025,1742428800,2215838
,,
21-03-2025,1742515200,1847956
,,
22-03-2025,1742601600,1357008
,,
23-03-2025,1742688000,1933168
,,
24-03-2025,1742774400,2310460
,,
25-03-2025,1742860800,2218556
,,
26-03-2025,1742947200,2496741
,,
27-03-2025,1743033600,2467602
,,
28-03-2025,1743120000,2296524
,,
29-03-2025,1743206400,2049942
,,
30-03-2025,1743292800,2237440
,,
31-03-2025,1743379200,2381438
,,
01-04-2025,1743465600,2356789
,,
02-04-2025,1743552000,2243876
,,
03-04-2025,1743638400,2298705
,,
04-04-2025,1743724800,1469506
,,
05-04-2025,1743811200,1123585
,,
06-04-2025,1743897600,1355887
,,
07-04-2025,1743984000,1697119
,,
08-04-2025,1744070400,1699719
,,
09-04-2025,1744156800,1624681
,,
10-04-2025,1744243200,1713274
,,
11-04-2025,1744329600,1599395
,,
12-04-2025,1744416000,1443449
,,
13-04-2025,1744502400,1349721
,,
14-04-2025,1744588800,1493356
,,
15-04-2025,1744675200,1560494
,,
16-04-2025,1744761600,1500727
,,
17-04-2025,1744848000,1461082
,,
18-04-2025,1744934400,1295157
,,
19-04-2025,1745020800,1403913
,,
20-04-2025,1745107200,1239626
,,
21-04-2025,1745193600,1556205
,,
22-04-2025,1745280000,1610573
,,
23-04-2025,1745366400,1655206
,,
24-04-2025,1745452800,1806707
,,
25-04-2025,1745539200,1810793
,,
26-04-2025,1745625600,1574026
,,
27-04-2025,1745712000,1383662
,,
28-04-2025,1745798400,1572814
,,
29-04-2025,1745884800,1593970
,,
30-04-2025,1745971200,1588630
,,
01-05-2025,1746057600,1499131
,,
02-05-2025,1746144000,1370539
,,
03-05-2025,1746230400,1209273
,,
04-05-2025,1746316800,1203147
,,
05-05-2025,1746403200,1371134
,,
06-05-2025,1746489600,1404201
,,
07-05-2025,1746576000,1461004
,,
08-05-2025,1746662400,1582687
,,
09-05-2025,1746748800,1592129
,,
10-05-2025,1746835200,1612425
,,
11-05-2025,1746921600,1629054
,,
12-05-2025,1747008000,1639702
,,
13-05-2025,1747094400,1632596
,,
14-05-2025,1747180800,1558445
,,
15-05-2025,1747267200,1619868
,,
16-05-2025,1747353600,1604463
,,
17-05-2025,1747440000,1511340
,,
18-05-2025,1747526400,1452243
,,
19-05-2025,1747612800,1625230
,,
20-05-2025,1747699200,1635392
,,
21-05-2025,1747785600,1642541
,,
22-05-2025,1747872000,1643865
,,
23-05-2025,1747958400,1621966
,,
24-05-2025,1748044800,1684808
,,
25-05-2025,1748131200,1681585
,,
26-05-2025,1748217600,1786085
,,
27-05-2025,1748304000,1729087
,,
28-05-2025,1748390400,1816466
,,
29-05-2025,1748476800,1626898
,,
30-05-2025,1748563200,1602120
,,
31-05-2025,1748649600,1694618
,,
01-06-2025,1748736000,1599811
,,
02-06-2025,1748822400,1579332
,,
03-06-2025,1748908800,1603776
,,
04-06-2025,1748995200,1646606
,,
05-06-2025,1749081600,1701038
,,
06-06-2025,1749168000,1611445
,,
07-06-2025,1749254400,1478396
,,
08-06-2025,1749340800,1479154
,,
09-06-2025,1749427200,1529624
,,
10-06-2025,1749513600,1669972
,,
11-06-2025,1749600000,1620493
,,
12-06-2025,1749686400,1710503
,,
13-06-2025,1749772800,1756610
,,
14-06-2025,1749859200,1529684
,,
15-06-2025,1749945600,1524992
,,
16-06-2025,1750032000,1752844
,,
17-06-2025,1750118400,1833320
,,
18-06-2025,1750204800,1792751
,,
19-06-2025,1750291200,1664336
,,
20-06-2025,1750377600,1708311
,,
21-06-2025,1750464000,1659361
,,
22-06-2025,1750550400,1785988
,,
23-06-2025,1750636800,1857199
,,
24-06-2025,1750723200,1656327
,,
25-06-2025,1750809600,1702929
,,
26-06-2025,1750896000,1909324
,,
27-06-2025,1750982400,1898469
,,
28-06-2025,1751068800,1557565
,,
29-06-2025,1751155200,1531843
,,
30-06-2025,1751241600,1822180
,,
01-07-2025,1751328000,1943412
,,
02-07-2025,1751414400,1903243
,,
03-07-2025,1751500800,1818320
,,
04-07-2025,1751587200,1712619
,,
05-07-2025,1751673600,1541418
,,
06-07-2025,1751760000,1472499
,,
07-07-2025,1751846400,1726234
,,
08-07-2025,1751932800,1794572
,,
09-07-2025,1752019200,1706744
,,
10-07-2025,1752105600,1762296
,,
11-07-2025,1752192000,1898601
,,
12-07-2025,1752278400,1755767
,,
13-07-2025,1752364800,1669129
,,
14-07-2025,1752451200,1758769
,,
15-07-2025,1752537600,1804374
,,
16-07-2025,1752624000,1706618
,,
17-07-2025,1752710400,1670470
,,
18-07-2025,1752796800,1777095
,,
19-07-2025,1752883200,1838608
,,
20-07-2025,1752969600,1798605
,,
21-07-2025,1753056000,2188151
,,
22-07-2025,1753142400,2209073
,,
23-07-2025,1753228800,2345334
,,
24-07-2025,1753315200,2356726
,,
25-07-2025,1753401600,2200686
,,
26-07-2025,1753488000,2059691
,,
27-07-2025,1753574400,1992833
,,
28-07-2025,1753660800,2415440
,,
29-07-2025,1753747200,2134260
,,
30-07-2025,1753833600,1548182
,,
31-07-2025,1753920000,1646581
,,
01-08-2025,1754006400,2376798
,,
02-08-2025,1754092800,2498114
,,
03-08-2025,1754179200,2164611
,,
04-08-2025,1754265600,2137270
,,
05-08-2025,1754352000,2044263
,,
06-08-2025,1754438400,2082734
,,
07-08-2025,1754524800,2064711
,,
08-08-2025,1754611200,2221273
,,
09-08-2025,1754697600,2152348
,,
10-08-2025,1754784000,2993253
,,
11-08-2025,1754870400,2436695
,,
12-08-2025,1754956800,2583973
,,
13-08-2025,1755043200,2105121
,,
14-08-2025,1755129600,2250623
,,
15-08-2025,1755216000,2697771
,,
16-08-2025,1755302400,2581212
,,
17-08-2025,1755388800,2711574
,,
18-08-2025,1755475200,2326983
,,
19-08-2025,1755561600,2542929
,,
20-08-2025,1755648000,2361837
,,
21-08-2025,1755734400,2398512
,,
22-08-2025,1755820800,2350762
,,
23-08-2025,1755907200,2581122
